Time,Displacement,Force
(s),(mm),(N)
0.0000,0.0000,0.2976
0.0200,0.0001,0.2875
0.0400,0.0001,0.2862
0.0600,0.0001,0.2879
0.0800,0.0002,0.3065
0.1000,0.0002,0.3247
0.1200,0.0004,0.3250
0.1400,0.0006,0.3350
0.1600,0.0014,0.4505
0.1800,0.0026,0.8897
0.2000,0.0042,1.7811
0.2200,0.0058,3.0190
0.2400,0.0071,4.2630
0.2600,0.0081,5.3370
0.2800,0.0090,6.1744
0.3000,0.0097,6.8374
0.3200,0.0104,7.3467
0.3400,0.0111,7.8142
0.3600,0.0119,8.2964
0.3800,0.0126,8.8222
0.4000,0.0133,9.3401
0.4200,0.0139,9.8634
0.4400,0.0144,10.3115
0.4600,0.0151,10.7043
0.4800,0.0158,11.1186
0.5000,0.0166,11.5915
0.5200,0.0175,12.1608
0.5400,0.0183,12.7647
0.5600,0.0190,13.3135
0.5800,0.0196,13.8132
0.6000,0.0202,14.2706
0.6200,0.0209,14.6780
0.6400,0.0215,15.0870
0.6600,0.0221,15.4939
0.6800,0.0228,15.9361
0.7000,0.0235,16.3895
0.7200,0.0241,16.8320
0.7400,0.0247,17.2799
0.7600,0.0254,17.7067
0.7800,0.0260,18.1319
0.8000,0.0267,18.5668
0.8200,0.0273,19.0385
0.8400,0.0280,19.5093
0.8600,0.0286,19.9051
0.8800,0.0292,20.2907
0.9000,0.0299,20.7052
0.9200,0.0307,21.1870
0.9400,0.0313,21.6602
0.9600,0.0319,22.1215
0.9800,0.0325,22.5182
1.0000,0.0332,22.9174
1.0200,0.0339,23.3467
1.0400,0.0347,23.8353
1.0600,0.0355,24.4049
1.0800,0.0361,24.9532
1.1000,0.0367,25.3982
1.1200,0.0373,25.7557
1.1400,0.0380,26.0869
1.1600,0.0387,26.5026
1.1800,0.0395,27.0296
1.2000,0.0403,27.5434
1.2200,0.0410,28.0221
1.2400,0.0417,28.5037
1.2600,0.0421,28.9533
1.2800,0.0429,29.3384
1.3000,0.0434,29.6925
1.3200,0.0440,30.0776
1.3400,0.0447,30.4880
1.3600,0.0455,30.9307
1.3800,0.0460,31.3900
1.4000,0.0467,31.8104
1.4200,0.0473,32.1955
1.4400,0.0479,32.5857
1.4600,0.0486,33.0040
1.4800,0.0492,33.4211
1.5000,0.0499,33.8602
1.5200,0.0506,34.2728
1.5400,0.0512,34.6874
1.5600,0.0519,35.1057
1.5800,0.0525,35.5136
1.6000,0.0531,35.8970
1.6200,0.0538,36.2783
1.6400,0.0545,36.6611
1.6600,0.0551,37.0462
1.6800,0.0558,37.4108
1.7000,0.0567,37.7854
1.7200,0.0574,38.0772
1.7400,0.0581,38.1219
1.7600,0.0587,37.9475
1.7800,0.0593,37.8894
1.8000,0.0599,37.9667
1.8200,0.0606,38.0830
1.8400,0.0613,38.2467
1.8600,0.0621,38.3988
1.8800,0.0628,38.5064
1.9000,0.0635,38.5672
1.9200,0.0641,38.5820
1.9400,0.0648,38.6492
1.9600,0.0654,38.7426
1.9800,0.0660,38.8191
2.0000,0.0667,38.8422
2.0200,0.0673,38.8764
2.0400,0.0680,38.9372
2.0600,0.0687,39.0678
2.0800,0.0694,39.1779
2.1000,0.0700,39.2693
2.1200,0.0706,39.3973
2.1400,0.0713,39.5000
2.1600,0.0719,39.6223
2.1800,0.0726,39.7909
2.2000,0.0733,39.9477
2.2200,0.0739,40.0906
2.2400,0.0746,40.2036
2.2600,0.0752,40.2995
2.2800,0.0759,40.4214
2.3000,0.0766,40.5704
2.3200,0.0772,40.7111
2.3400,0.0779,40.8008
2.3600,0.0786,40.9019
2.3800,0.0793,41.0457
2.4000,0.0800,41.1686
2.4200,0.0807,41.2793
2.4400,0.0813,41.3047
2.4600,0.0819,41.3037
2.4800,0.0825,41.3092
2.5000,0.0832,41.3616
2.5200,0.0839,41.4675
2.5400,0.0848,41.5744
2.5600,0.0856,41.6613
2.5800,0.0863,41.7705
2.6000,0.0869,41.9063
2.6200,0.0875,42.0685
2.6400,0.0881,42.2393
2.6600,0.0888,42.4556
2.6800,0.0894,42.6689
2.7000,0.0901,42.8730
2.7200,0.0907,43.0882
2.7400,0.0914,43.3428
2.7600,0.0920,43.5927
2.7800,0.0926,43.8279
2.8000,0.0931,44.0437
2.8200,0.0939,44.2927
2.8400,0.0946,44.6051
2.8600,0.0954,44.9767
2.8800,0.0960,45.3518
2.9000,0.0967,45.7130
2.9200,0.0973,46.0246
2.9400,0.0980,46.2929
2.9600,0.0986,46.5564
2.9800,0.0993,46.8735
3.0000,0.0999,47.2330
3.0200,0.1006,47.5743
3.0400,0.1013,47.8908
3.0600,0.1020,48.2372
3.0800,0.1027,48.5713
3.1000,0.1034,48.9328
3.1200,0.1040,49.3336
3.1400,0.1046,49.7502
3.1600,0.1053,50.1320
3.1800,0.1059,50.4062
3.2000,0.1067,50.6856
3.2200,0.1074,51.0561
3.2400,0.1081,51.5650
3.2600,0.1088,52.0962
3.2800,0.1096,52.5164
3.3000,0.1103,52.8453
3.3200,0.1109,53.1976
3.3400,0.1116,53.6296
3.3600,0.1123,54.0808
3.3800,0.1129,54.5195
3.4000,0.1135,54.9065
3.4200,0.1142,55.2268
3.4400,0.1147,55.5630
3.4600,0.1153,55.9717
3.4800,0.1160,56.4164
3.5000,0.1168,56.8213
3.5200,0.1173,57.1870
3.5400,0.1179,57.5165
3.5600,0.1186,57.8537
3.5800,0.1192,58.2266
3.6000,0.1199,58.6480
3.6200,0.1207,59.0432
3.6400,0.1212,59.4236
3.6600,0.1220,59.8370
3.6800,0.1225,60.2913
3.7000,0.1232,60.7068
3.7200,0.1240,61.0876
3.7400,0.1247,61.4656
3.7600,0.1255,61.8969
3.7800,0.1262,62.4006
3.8000,0.1268,62.8403
3.8200,0.1274,63.1658
3.8400,0.1280,63.4599
3.8600,0.1287,63.7979
3.8800,0.1294,64.2635
3.9000,0.1301,64.7461
3.9200,0.1308,65.1231
3.9400,0.1315,65.4509
3.9600,0.1322,65.8913
3.9800,0.1329,66.3910
4.0000,0.1335,66.8493
4.0200,0.1342,67.2048
4.0400,0.1348,67.5034
4.0600,0.1355,67.8481
4.0800,0.1361,68.2944
4.1000,0.1368,68.7947
4.1200,0.1374,69.1794
4.1400,0.1380,69.5104
4.1600,0.1387,69.8333
4.1800,0.1393,70.2146
4.2000,0.1400,70.6402
4.2200,0.1406,71.0329
4.2400,0.1413,71.3896
4.2600,0.1420,71.7712
4.2800,0.1427,72.1987
4.3000,0.1433,72.6222
4.3200,0.1440,73.0197
4.3400,0.1446,73.3996
4.3600,0.1452,73.7578
4.3800,0.1459,74.1108
4.4000,0.1466,74.5497
4.4200,0.1475,74.9997
4.4400,0.1482,75.4382
4.4600,0.1489,75.8828
4.4800,0.1498,76.3410
4.5000,0.1504,76.7414
4.5200,0.1508,77.0261
4.5400,0.1513,77.2452
4.5600,0.1519,77.4806
4.5800,0.1526,77.8016
4.6000,0.1534,78.2135
4.6200,0.1541,78.6708
4.6400,0.1548,79.0729
4.6600,0.1555,79.3482
4.6800,0.1562,79.6295
4.7000,0.1568,79.9631
4.7200,0.1575,80.3889
4.7400,0.1582,80.8791
4.7600,0.1589,81.3056
4.7800,0.1595,81.6761
4.8000,0.1601,82.0026
4.8200,0.1607,82.3851
4.8400,0.1614,82.7728
4.8600,0.1620,83.1415
4.8800,0.1627,83.5359
4.9000,0.1633,83.9109
4.9200,0.1640,84.3046
4.9400,0.1646,84.7337
4.9600,0.1652,85.1445
4.9800,0.1659,85.5526
5.0000,0.1666,85.9409
5.0200,0.1672,86.3282
5.0400,0.1679,86.7268
5.0600,0.1685,87.1052
5.0800,0.1693,87.5246
5.1000,0.1700,87.9868
5.1200,0.1707,88.4413
5.1400,0.1714,88.8854
5.1600,0.1720,89.2975
5.1800,0.1726,89.6899
5.2000,0.1732,90.0473
5.2200,0.1739,90.4014
5.2400,0.1746,90.8023
5.2600,0.1753,91.2470
5.2800,0.1760,91.6789
5.3000,0.1767,92.0830
5.3200,0.1773,92.4817
5.3400,0.1780,92.9217
5.3600,0.1787,93.3377
5.3800,0.1793,93.7099
5.4000,0.1800,94.0944
5.4200,0.1806,94.4914
5.4400,0.1813,94.8915
5.4600,0.1819,95.2987
5.4800,0.1825,95.6867
5.5000,0.1832,96.0611
5.5200,0.1838,96.4017
5.5400,0.1845,96.7602
5.5600,0.1852,97.1712
5.5800,0.1859,97.5991
5.6000,0.1866,98.0478
5.6200,0.1872,98.5154
5.6400,0.1879,98.9159
5.6600,0.1885,99.2647
5.6800,0.1892,99.6417
5.7000,0.1898,100.0639
5.7200,0.1905,100.4540
5.7400,0.1912,100.8377
5.7600,0.1920,101.2408
5.7800,0.1928,101.7140
5.8000,0.1935,102.1816
5.8200,0.1941,102.6686
5.8400,0.1947,103.0509
5.8600,0.1953,103.3926
5.8800,0.1960,103.7561
5.9000,0.1967,104.1569
5.9200,0.1973,104.5544
5.9400,0.1980,104.9487
5.9600,0.1988,105.3961
5.9800,0.1995,105.8582
6.0000,0.2002,106.2947
6.0200,0.2009,106.7580
6.0400,0.2015,107.1833
6.0600,0.2022,107.5721
6.0800,0.2028,107.9422
6.1000,0.2035,108.3301
6.1200,0.2041,108.7182
6.1400,0.2047,109.0984
6.1600,0.2053,109.4731
6.1800,0.2060,109.8333
6.2000,0.2066,110.1960
6.2200,0.2073,110.5902
6.2400,0.2079,110.9952
6.2600,0.2086,111.3738
6.2800,0.2093,111.7763
6.3000,0.2099,112.2030
6.3200,0.2106,112.6010
6.3400,0.2112,113.0081
6.3600,0.2119,113.4059
6.3800,0.2125,113.8022
6.4000,0.2132,114.1830
6.4200,0.2138,114.5545
6.4400,0.2145,114.9290
6.4600,0.2153,115.3903
6.4800,0.2160,115.8988
6.5000,0.2167,116.3952
6.5200,0.2173,116.8539
6.5400,0.2179,117.2105
6.5600,0.2186,117.5500
6.5800,0.2193,117.9320
6.6000,0.2201,118.3481
6.6200,0.2208,118.7749
6.6400,0.2215,119.2152
6.6600,0.2222,119.6324
6.6800,0.2229,120.0260
6.7000,0.2235,120.4450
6.7200,0.2242,120.8890
6.7400,0.2249,121.3250
6.7600,0.2256,121.7089
6.7800,0.2262,122.0786
6.8000,0.2267,122.4289
6.8200,0.2274,122.7732
6.8400,0.2280,123.1137
6.8600,0.2286,123.4831
6.8800,0.2293,123.8751
6.9000,0.2299,124.2543
6.9200,0.2306,124.6930
6.9400,0.2313,125.1447
6.9600,0.2320,125.5856
6.9800,0.2327,126.0135
7.0000,0.2333,126.3760
7.0200,0.2339,126.7605
7.0400,0.2346,127.1933
7.0600,0.2352,127.5848
7.0800,0.2358,127.8890
7.1000,0.2365,128.2469
7.1200,0.2373,128.6674
7.1400,0.2381,129.1730
7.1600,0.2388,129.7235
7.1800,0.2394,130.1825
7.2000,0.2400,130.5336
7.2200,0.2407,130.8979
7.2400,0.2413,131.2906
7.2600,0.2420,131.6819
7.2800,0.2427,132.0968
7.3000,0.2434,132.4962
7.3200,0.2441,132.9114
7.3400,0.2447,133.3482
7.3600,0.2454,133.7772
7.3800,0.2461,134.1884
7.4000,0.2467,134.5973
7.4200,0.2474,135.0039
7.4400,0.2482,135.4055
7.4600,0.2487,135.8267
7.4800,0.2493,136.2256
7.5000,0.2499,136.6104
7.5200,0.2505,136.9555
7.5400,0.2512,137.2659
7.5600,0.2519,137.6411
7.5800,0.2526,138.0703
7.6000,0.2533,138.5508
7.6200,0.2541,139.0000
7.6400,0.2548,139.4127
7.6600,0.2554,139.7241
7.6800,0.2559,140.0327
7.7000,0.2565,140.4616
7.7200,0.2572,140.9080
7.7400,0.2578,141.2658
7.7600,0.2585,141.5343
7.7800,0.2592,141.9057
7.8000,0.2600,142.4181
7.8200,0.2608,142.9599
7.8400,0.2615,143.4354
7.8600,0.2621,143.8110
7.8800,0.2628,144.1922
7.9000,0.2634,144.6073
7.9200,0.2642,145.0428
7.9400,0.2648,145.4920
7.9600,0.2655,145.9371
7.9800,0.2662,146.3228
8.0000,0.2669,146.7061
8.0200,0.2675,147.1426
8.0400,0.2682,147.5942
8.0600,0.2689,147.9597
8.0800,0.2695,148.3380
8.1000,0.2702,148.7316
8.1200,0.2708,149.1293
8.1400,0.2714,149.5138
8.1600,0.2721,149.8932
8.1800,0.2726,150.2681
8.2000,0.2733,150.5985
8.2200,0.2739,150.9382
8.2400,0.2746,151.3248
8.2600,0.2753,151.7487
8.2800,0.2760,152.1865
8.3000,0.2766,152.5775
8.3200,0.2772,152.9957
8.3400,0.2779,153.3687
8.3600,0.2785,153.7112
8.3800,0.2792,154.1037
8.4000,0.2798,154.5209
8.4200,0.2804,154.8908
8.4400,0.2811,155.2213
8.4600,0.2818,155.6329
8.4800,0.2826,156.1092
8.5000,0.2835,156.6111
8.5200,0.2842,157.1255
8.5400,0.2847,157.5910
8.5600,0.2855,157.9882
8.5800,0.2860,158.3551
8.6000,0.2868,158.6889
8.6200,0.2875,159.0759
8.6400,0.2882,159.5421
8.6600,0.2889,159.9834
8.6800,0.2896,160.3954
8.7000,0.2902,160.8300
8.7200,0.2909,161.2237
8.7400,0.2916,161.6081
8.7600,0.2922,161.9941
8.7800,0.2929,162.3978
8.8000,0.2935,162.7785
8.8200,0.2941,163.1229
8.8400,0.2947,163.4685
8.8600,0.2953,163.8184
8.8800,0.2960,164.1472
8.9000,0.2967,164.5631
8.9200,0.2974,165.0220
8.9400,0.2980,165.4267
8.9600,0.2986,165.7911
8.9800,0.2993,166.1627
9.0000,0.2999,166.5532
9.0200,0.3006,166.9494
9.0400,0.3012,167.3229
9.0600,0.3019,167.6964
9.0800,0.3025,168.0932
9.1000,0.3030,168.4531
9.1200,0.3038,168.8241
9.1400,0.3045,169.2350
9.1600,0.3053,169.7083
9.1800,0.3061,170.2104
9.2000,0.3067,170.7001
9.2200,0.3073,171.1085
9.2400,0.3080,171.4671
9.2600,0.3086,171.8197
9.2800,0.3093,172.2049
9.3000,0.3100,172.6004
9.3200,0.3107,173.0099
9.3400,0.3114,173.4473
9.3600,0.3121,173.8930
9.3800,0.3128,174.3302
9.4000,0.3136,174.7700
9.4200,0.3141,175.1717
9.4400,0.3149,175.5505
9.4600,0.3156,175.9241
9.4800,0.3162,176.2960
9.5000,0.3167,176.6481
9.5200,0.3173,177.0278
9.5400,0.3179,177.3971
9.5600,0.3186,177.7569
9.5800,0.3193,178.1312
9.6000,0.3200,178.5436
9.6200,0.3206,178.9889
9.6400,0.3213,179.4130
9.6600,0.3219,179.8203
9.6800,0.3226,180.1742
9.7000,0.3232,180.5530
9.7200,0.3239,180.9585
9.7400,0.3245,181.3419
9.7600,0.3251,181.6934
9.7800,0.3257,182.0435
9.8000,0.3264,182.4015
9.8200,0.3271,182.7899
9.8400,0.3280,183.2152
9.8600,0.3288,183.7295
9.8800,0.3294,184.2387
9.9000,0.3301,184.5984
9.9200,0.3307,184.9530
9.9400,0.3314,185.3633
9.9600,0.3321,185.7683
9.9800,0.3328,186.1652
10.0000,0.3335,186.5697
10.0200,0.3342,187.0283
10.0400,0.3349,187.4658
10.0600,0.3356,187.8934
10.0800,0.3362,188.3134
10.1000,0.3369,188.6997
10.1200,0.3375,189.0525
10.1400,0.3381,189.4069
10.1600,0.3388,189.7751
10.1800,0.3394,190.1481
10.2000,0.3400,190.5040
10.2200,0.3406,190.8440
10.2400,0.3413,191.1749
10.2600,0.3420,191.5445
10.2800,0.3426,191.9494
10.3000,0.3433,192.3749
10.3200,0.3440,192.7816
10.3400,0.3446,193.1794
10.3600,0.3453,193.5649
10.3800,0.3459,193.9382
10.4000,0.3466,194.3072
10.4200,0.3472,194.6761
10.4400,0.3478,195.0482
10.4600,0.3484,195.3757
10.4800,0.3491,195.7517
10.5000,0.3498,196.1626
10.5200,0.3506,196.6283
10.5400,0.3515,197.1240
10.5600,0.3520,197.5829
10.5800,0.3527,197.9646
10.6000,0.3535,198.3529
10.6200,0.3540,198.7690
10.6400,0.3548,199.1881
10.6600,0.3555,199.5698
10.6800,0.3562,199.9841
10.7000,0.3569,200.3983
10.7200,0.3576,200.8472
10.7400,0.3583,201.2516
10.7600,0.3589,201.6512
10.7800,0.3595,202.0435
10.8000,0.3602,202.3863
10.8200,0.3608,202.7395
10.8400,0.3615,203.1058
10.8600,0.3621,203.4937
10.8800,0.3627,203.8869
10.9000,0.3634,204.2333
10.9200,0.3641,204.5729
10.9400,0.3648,204.9876
10.9600,0.3654,205.3973
10.9800,0.3661,205.8136
11.0000,0.3667,206.1882
11.0200,0.3674,206.5745
11.0400,0.3680,206.9316
11.0600,0.3686,207.3074
11.0800,0.3693,207.7089
11.1000,0.3697,208.0513
11.1200,0.3705,208.3777
11.1400,0.3712,208.7566
11.1600,0.3719,209.1581
11.1800,0.3726,209.5943
11.2000,0.3734,210.0762
11.2200,0.3741,210.5595
11.2400,0.3747,210.9937
11.2600,0.3754,211.3347
11.2800,0.3761,211.6972
11.3000,0.3768,212.0832
11.3200,0.3775,212.4944
11.3400,0.3782,212.9577
11.3600,0.3790,213.4274
11.3800,0.3797,213.8350
11.4000,0.3803,214.2248
11.4200,0.3810,214.5969
11.4400,0.3816,214.9573
11.4600,0.3821,215.3069
11.4800,0.3829,215.6402
11.5000,0.3834,216.0252
11.5200,0.3842,216.4144
11.5400,0.3849,216.8070
11.5600,0.3855,217.2174
11.5800,0.3862,217.6253
11.6000,0.3869,218.0474
11.6200,0.3876,218.4742
11.6400,0.3882,218.8720
11.6600,0.3889,219.2261
11.6800,0.3895,219.5996
11.7000,0.3901,219.9596
11.7200,0.3908,220.3087
11.7400,0.3914,220.6703
11.7600,0.3919,221.0338
11.7800,0.3924,221.3795
11.8000,0.3930,221.6685
11.8200,0.3937,221.9885
11.8400,0.3944,222.3627
11.8600,0.3952,222.7950
11.8800,0.3961,223.2878
11.9000,0.3967,223.7771
11.9200,0.3973,224.2146
11.9400,0.3978,224.5696
11.9600,0.3986,224.9075
11.9800,0.3993,225.2817
12.0000,0.4000,225.6484
12.0200,0.4008,226.0719
12.0400,0.4015,226.5410
12.0600,0.4023,227.0256
12.0800,0.4029,227.4868
12.1000,0.4035,227.8815
12.1200,0.4042,228.2603
12.1400,0.4048,228.6264
12.1600,0.4054,228.9748
12.1800,0.4061,229.2980
12.2000,0.4067,229.6305
12.2200,0.4073,229.9792
12.2400,0.4079,230.3422
12.2600,0.4086,230.7354
12.2800,0.4093,231.1347
12.3000,0.4100,231.5667
12.3200,0.4106,231.9475
12.3400,0.4113,232.3090
12.3600,0.4119,232.6680
12.3800,0.4126,233.0310
12.4000,0.4133,233.4233
12.4200,0.4139,233.8260
12.4400,0.4145,234.2091
12.4600,0.4151,234.5484
12.4800,0.4157,234.8437
12.5000,0.4164,235.1994
12.5200,0.4171,235.5913
12.5400,0.4179,236.0075
12.5600,0.4187,236.4991
12.5800,0.4192,236.9821
12.6000,0.4198,237.3644
12.6200,0.4205,237.6997
12.6400,0.4213,238.0535
12.6600,0.4220,238.4814
12.6800,0.4228,238.9663
12.7000,0.4236,239.4445
12.7200,0.4243,239.9161
12.7400,0.4249,240.3413
12.7600,0.4256,240.7154
12.7800,0.4262,241.0957
12.8000,0.4269,241.4474
12.8200,0.4275,241.7868
12.8400,0.4281,242.1348
12.8600,0.4287,242.4893
12.8800,0.4292,242.8131
12.9000,0.4298,243.1161
12.9200,0.4305,243.4520
12.9400,0.4313,243.8274
12.9600,0.4320,244.2593
12.9800,0.4327,244.7280
13.0000,0.4334,245.1258
13.0200,0.4341,245.5108
13.0400,0.4348,245.9130
13.0600,0.4354,246.3079
13.0800,0.4360,246.6891
13.1000,0.4366,247.0545
13.1200,0.4372,247.3852
13.1400,0.4377,247.7251
13.1600,0.4385,248.0591
13.1800,0.4392,248.4214
13.2000,0.4399,248.8045
13.2200,0.4406,249.2282
13.2400,0.4414,249.6901
13.2600,0.4420,250.1515
13.2800,0.4427,250.5538
13.3000,0.4434,250.9593
13.3200,0.4441,251.3948
13.3400,0.4448,251.8209
13.3600,0.4455,252.2280
13.3800,0.4462,252.6339
13.4000,0.4470,253.0287
13.4200,0.4477,253.4710
13.4400,0.4484,253.8837
13.4600,0.4490,254.2529
13.4800,0.4497,254.6260
13.5000,0.4503,254.9875
13.5200,0.4507,255.2958
13.5400,0.4513,255.6026
13.5600,0.4520,255.9302
13.5800,0.4526,256.2842
13.6000,0.4533,256.6551
13.6200,0.4542,257.0617
13.6400,0.4549,257.5244
13.6600,0.4555,257.9501
13.6800,0.4562,258.3433
13.7000,0.4568,258.7027
13.7200,0.4575,259.0774
13.7400,0.4579,259.4593
13.7600,0.4586,259.8149
13.7800,0.4592,260.1458
13.8000,0.4598,260.4796
13.8200,0.4604,260.8002
13.8400,0.4611,261.1269
13.8600,0.4618,261.5212
13.8800,0.4625,261.9274
13.9000,0.4632,262.3369
13.9200,0.4640,262.7892
13.9400,0.4647,263.2291
13.9600,0.4654,263.6194
13.9800,0.4660,264.0010
14.0000,0.4667,264.3729
14.0200,0.4674,264.7634
14.0400,0.4680,265.1508
14.0600,0.4687,265.5606
14.0800,0.4694,265.9783
14.1000,0.4702,266.3999
14.1200,0.4709,266.8243
14.1400,0.4716,267.2756
14.1600,0.4723,267.7153
14.1800,0.4729,268.1006
14.2000,0.4735,268.4280
14.2200,0.4741,268.7265
14.2400,0.4747,269.0589
14.2600,0.4753,269.4096
14.2800,0.4760,269.7494
14.3000,0.4768,270.1279
14.3200,0.4774,270.5670
14.3400,0.4781,270.9946
14.3600,0.4788,271.4157
14.3800,0.4795,271.8090
14.4000,0.4801,272.1642
14.4200,0.4807,272.5217
14.4400,0.4813,272.8583
14.4600,0.4819,273.1838
14.4800,0.4825,273.4820
14.5000,0.4831,273.8025
14.5200,0.4838,274.1382
14.5400,0.4845,274.5073
14.5600,0.4852,274.9066
14.5800,0.4860,275.3283
14.6000,0.4866,275.7945
14.6200,0.4873,276.2338
14.6400,0.4880,276.6251
14.6600,0.4887,277.0381
14.6800,0.4895,277.4519
14.7000,0.4902,277.8713
14.7200,0.4909,278.2702
14.7400,0.4917,278.6944
14.7600,0.4924,279.1289
14.7800,0.4931,279.5613
14.8000,0.4937,279.9784
14.8200,0.4944,280.3663
14.8400,0.4950,280.7451
14.8600,0.4956,281.0848
14.8800,0.4962,281.3968
14.9000,0.4968,281.6879
14.9200,0.4975,282.0421
14.9400,0.4982,282.4348
14.9600,0.4988,282.8711
14.9800,0.4995,283.2845
15.0000,0.5002,283.6776
15.0200,0.5008,284.0463
15.0400,0.5015,284.4182
15.0600,0.5021,284.7674
15.0800,0.5027,285.1045
15.1000,0.5034,285.4635
15.1200,0.5040,285.7966
15.1400,0.5047,286.1598
15.1600,0.5053,286.5291
15.1800,0.5059,286.8822
15.2000,0.5066,287.2797
15.2200,0.5073,287.6702
15.2400,0.5080,288.0688
15.2600,0.5086,288.4767
15.2800,0.5092,288.8600
15.3000,0.5099,289.1945
15.3200,0.5107,289.5646
15.3400,0.5114,290.0139
15.3600,0.5121,290.4608
15.3800,0.5128,290.9117
15.4000,0.5135,291.3255
15.4200,0.5142,291.7304
15.4400,0.5151,292.1430
15.4600,0.5157,292.5949
15.4800,0.5163,293.0052
15.5000,0.5168,293.3372
15.5200,0.5174,293.6216
15.5400,0.5180,293.9339
15.5600,0.5186,294.2512
15.5800,0.5193,294.5841
15.6000,0.5200,294.9711
15.6200,0.5206,295.3337
15.6400,0.5213,295.6818
15.6600,0.5219,296.0386
15.6800,0.5226,296.4391
15.7000,0.5233,296.8341
15.7200,0.5239,297.2061
15.7400,0.5245,297.5578
15.7600,0.5251,297.8451
15.7800,0.5258,298.1935
15.8000,0.5264,298.5583
15.8200,0.5271,298.9296
15.8400,0.5277,299.2912
15.8600,0.5284,299.6642
15.8800,0.5291,300.0504
15.9000,0.5298,300.4631
15.9200,0.5305,300.8851
15.9400,0.5311,301.2796
15.9600,0.5318,301.6315
15.9800,0.5325,301.9932
16.0000,0.5334,302.4006
16.0200,0.5341,302.8437
16.0400,0.5347,303.2874
16.0600,0.5354,303.6844
16.0800,0.5361,304.0558
16.1000,0.5368,304.4222
16.1200,0.5375,304.8142
16.1400,0.5382,305.2374
16.1600,0.5389,305.6640
16.1800,0.5395,306.0628
16.2000,0.5402,306.4391
16.2200,0.5408,306.8011
16.2400,0.5415,307.1634
16.2600,0.5421,307.5172
16.2800,0.5427,307.8369
16.3000,0.5433,308.1466
16.3200,0.5440,308.4653
16.3400,0.5447,308.8120
16.3600,0.5453,309.2326
16.3800,0.5460,309.6285
16.4000,0.5466,310.0073
16.4200,0.5473,310.3921
16.4400,0.5479,310.7643
16.4600,0.5486,311.1212
16.4800,0.5492,311.4386
16.5000,0.5498,311.7819
16.5200,0.5505,312.1465
16.5400,0.5513,312.5396
16.5600,0.5520,312.9584
16.5800,0.5526,313.3845
16.6000,0.5532,313.7256
16.6200,0.5538,314.0863
16.6400,0.5544,314.4117
16.6600,0.5552,314.7260
16.6800,0.5560,315.1124
16.7000,0.5567,315.6042
16.7200,0.5575,316.1024
16.7400,0.5580,316.5302
16.7600,0.5588,316.9075
16.7800,0.5595,317.2447
16.8000,0.5602,317.5801
16.8200,0.5610,318.0075
16.8400,0.5616,318.4763
16.8600,0.5623,318.9223
16.8800,0.5629,319.3001
16.9000,0.5635,319.6486
16.9200,0.5642,319.9914
16.9400,0.5648,320.3421
16.9600,0.5654,320.6950
16.9800,0.5661,321.0326
17.0000,0.5668,321.4199
17.0200,0.5675,321.8148
17.0400,0.5682,322.2335
17.0600,0.5689,322.6515
17.0800,0.5695,323.0220
17.1000,0.5701,323.3788
17.1200,0.5708,323.7078
17.1400,0.5714,324.0693
17.1600,0.5721,324.4334
17.1800,0.5727,324.7701
17.2000,0.5733,325.1077
17.2200,0.5740,325.4614
17.2400,0.5747,325.8491
17.2600,0.5753,326.2384
17.2800,0.5759,326.5951
17.3000,0.5765,326.9275
17.3200,0.5772,327.2246
17.3400,0.5780,327.5993
17.3600,0.5788,328.0148
17.3800,0.5795,328.5030
17.4000,0.5801,328.9825
17.4200,0.5808,329.4045
17.4400,0.5814,329.7665
17.4600,0.5822,330.0858
17.4800,0.5830,330.4755
17.5000,0.5835,330.8825
17.5200,0.5843,331.3113
17.5400,0.5848,331.6864
17.5600,0.5854,332.0222
17.5800,0.5860,332.3301
17.6000,0.5867,332.6489
17.6200,0.5873,332.9890
17.6400,0.5880,333.3465
17.6600,0.5887,333.7340
17.6800,0.5893,334.1464
17.7000,0.5900,334.5221
17.7200,0.5906,334.8985
17.7400,0.5913,335.2440
17.7600,0.5919,335.5897
17.7800,0.5926,335.9417
17.8000,0.5933,336.3067
17.8200,0.5941,336.6936
17.8400,0.5946,337.0983
17.8600,0.5952,337.4647
17.8800,0.5959,337.8188
17.9000,0.5967,338.1687
17.9200,0.5972,338.5464
17.9400,0.5980,338.9110
17.9600,0.5985,339.3093
17.9800,0.5992,339.6628
18.0000,0.5998,339.9738
18.0200,0.6007,340.3387
18.0400,0.6014,340.7593
18.0600,0.6021,341.1985
18.0800,0.6027,341.6296
18.1000,0.6034,341.9979
18.1200,0.6041,342.3578
18.1400,0.6048,342.7539
18.1600,0.6056,343.1922
18.1800,0.6062,343.6287
18.2000,0.6069,344.0421
18.2200,0.6076,344.3948
18.2400,0.6082,344.7226
18.2600,0.6088,345.0767
18.2800,0.6095,345.4485
18.3000,0.6101,345.7881
18.3200,0.6107,346.0931
18.3400,0.6114,346.4005
18.3600,0.6121,346.7729
18.3800,0.6128,347.1924
18.4000,0.6135,347.6027
18.4200,0.6141,347.9867
18.4400,0.6148,348.3201
18.4600,0.6154,348.6525
18.4800,0.6161,348.9997
18.5000,0.6168,349.3910
18.5200,0.6173,349.7971
18.5400,0.6179,350.0914
18.5600,0.6186,350.3915
18.5800,0.6192,350.7242
18.6000,0.6199,351.0829
18.6200,0.6206,351.4464
18.6400,0.6214,351.8587
18.6600,0.6222,352.2880
18.6800,0.6229,352.7313
18.7000,0.6236,353.1754
18.7200,0.6243,353.6054
18.7400,0.6249,353.9628
18.7600,0.6255,354.2881
18.7800,0.6263,354.6124
18.8000,0.6269,354.9892
18.8200,0.6276,355.4257
18.8400,0.6283,355.8177
18.8600,0.6289,356.1597
18.8800,0.6296,356.5069
18.9000,0.6302,356.8631
18.9200,0.6308,357.2382
18.9400,0.6315,357.5795
18.9600,0.6321,357.8868
18.9800,0.6327,358.2063
19.0000,0.6332,358.5505
19.0200,0.6340,358.9233
19.0400,0.6347,359.2859
19.0600,0.6354,359.6559
19.0800,0.6360,360.0286
19.1000,0.6367,360.3985
19.1200,0.6374,360.7897
19.1400,0.6380,361.1697
19.1600,0.6387,361.5275
19.1800,0.6393,361.8677
19.2000,0.6399,362.1890
19.2200,0.6406,362.5262
19.2400,0.6412,362.8857
19.2600,0.6419,363.2861
19.2800,0.6426,363.6625
19.3000,0.6434,364.0566
19.3200,0.6440,364.4860
19.3400,0.6446,364.8816
19.3600,0.6453,365.2689
19.3800,0.6460,365.6235
19.4000,0.6467,365.9939
19.4200,0.6473,366.3691
19.4400,0.6480,366.7260
19.4600,0.6486,367.0841
19.4800,0.6493,367.4284
19.5000,0.6500,367.8044
19.5200,0.6507,368.1862
19.5400,0.6514,368.5960
19.5600,0.6521,368.9806
19.5800,0.6527,369.3711
19.6000,0.6534,369.7421
19.6200,0.6540,370.0704
19.6400,0.6546,370.4077
19.6600,0.6552,370.7690
19.6800,0.6559,371.1006
19.7000,0.6566,371.4353
19.7200,0.6572,371.7872
19.7400,0.6579,372.1682
19.7600,0.6586,372.5499
19.7800,0.6592,372.9464
19.8000,0.6599,373.3095
19.8200,0.6605,373.6634
19.8400,0.6612,373.9896
19.8600,0.6618,374.3548
19.8800,0.6625,374.7292
19.9000,0.6631,375.0605
19.9200,0.6637,375.3857
19.9400,0.6644,375.7341
19.9600,0.6651,376.0924
19.9800,0.6660,376.4892
20.0000,0.6667,376.9187
20.0200,0.6674,377.3354
20.0400,0.6681,377.7602
20.0600,0.6689,378.1863
20.0800,0.6695,378.5825
20.1000,0.6702,378.9590
20.1200,0.6708,379.3234
20.1400,0.6715,379.6461
20.1600,0.6721,379.9749
20.1800,0.6728,380.3322
20.2000,0.6735,380.7337
20.2200,0.6742,381.1621
20.2400,0.6749,381.5455
20.2600,0.6755,381.8827
20.2800,0.6761,382.2404
20.3000,0.6768,382.5765
20.3200,0.6774,382.9219
20.3400,0.6780,383.2700
20.3600,0.6787,383.6099
20.3800,0.6794,383.9895
20.4000,0.6801,384.3923
20.4200,0.6808,384.7807
20.4400,0.6814,385.1463
20.4600,0.6821,385.5183
20.4800,0.6828,385.8912
20.5000,0.6834,386.2610
20.5200,0.6841,386.6136
20.5400,0.6847,386.9867
20.5600,0.6853,387.3109
20.5800,0.6859,387.6251
20.6000,0.6865,387.9380
20.6200,0.6872,388.2425
20.6400,0.6879,388.5928
20.6600,0.6886,389.0135
20.6800,0.6893,389.4544
20.7000,0.6900,389.8506
20.7200,0.6907,390.2016
20.7400,0.6913,390.5649
20.7600,0.6920,390.9464
20.7800,0.6926,391.3131
20.8000,0.6933,391.6664
20.8200,0.6940,392.0344
20.8400,0.6949,392.4280
20.8600,0.6957,392.8379
20.8800,0.6963,393.2828
20.9000,0.6970,393.7103
20.9200,0.6977,394.0820
20.9400,0.6983,394.4274
20.9600,0.6989,394.7557
20.9800,0.6995,395.0486
21.0000,0.7001,395.3487
21.0200,0.7007,395.7105
21.0400,0.7014,396.0694
21.0600,0.7021,396.3894
21.0800,0.7028,396.7368
21.1000,0.7034,397.1187
21.1200,0.7041,397.5082
21.1400,0.7048,397.9321
21.1600,0.7054,398.3022
21.1800,0.7061,398.6451
21.2000,0.7068,399.0204
21.2200,0.7073,399.3950
21.2400,0.7079,399.6888
21.2600,0.7086,399.9671
21.2800,0.7092,400.2669
21.3000,0.7099,400.6021
21.3200,0.7106,400.9917
21.3400,0.7113,401.4136
21.3600,0.7120,401.8076
21.3800,0.7127,402.1775
21.4000,0.7134,402.5870
21.4200,0.7141,403.0216
21.4400,0.7148,403.4237
21.4600,0.7154,403.7867
21.4800,0.7161,404.1201
21.5000,0.7168,404.4828
21.5200,0.7175,404.8594
21.5400,0.7182,405.2373
21.5600,0.7188,405.6313
21.5800,0.7194,406.0047
21.6000,0.7201,406.3535
21.6200,0.7207,406.7083
21.6400,0.7214,407.0422
21.6600,0.7220,407.3733
21.6800,0.7227,407.7108
21.7000,0.7233,408.0590
21.7200,0.7242,408.4322
21.7400,0.7249,408.8195
21.7600,0.7256,409.2534
21.7800,0.7264,409.6880
21.8000,0.7270,410.0934
21.8200,0.7276,410.4518
21.8400,0.7282,410.7729
21.8600,0.7288,411.0698
21.8800,0.7293,411.3742
21.9000,0.7299,411.6716
21.9200,0.7305,411.9503
21.9400,0.7311,412.2558
21.9600,0.7318,412.5756
21.9800,0.7325,412.9412
22.0000,0.7334,413.3347
22.0200,0.7340,413.7711
22.0400,0.7347,414.1567
22.0600,0.7354,414.5134
22.0800,0.7361,414.8999
22.1000,0.7368,415.3362
22.1200,0.7375,415.7565
22.1400,0.7382,416.1260
22.1600,0.7389,416.5173
22.1800,0.7396,416.9236
22.2000,0.7403,417.2977
22.2200,0.7410,417.6646
22.2400,0.7416,418.0237
22.2600,0.7422,418.3648
22.2800,0.7428,418.6998
22.3000,0.7434,419.0048
22.3200,0.7441,419.3266
22.3400,0.7447,419.6771
22.3600,0.7453,420.0117
22.3800,0.7460,420.3293
22.4000,0.7467,420.6640
22.4200,0.7474,421.0465
22.4400,0.7481,421.4589
22.4600,0.7488,421.8824
22.4800,0.7495,422.2781
22.5000,0.7501,422.6328
22.5200,0.7507,422.9902
22.5400,0.7514,423.3083
22.5600,0.7519,423.6249
22.5800,0.7525,423.9461
22.6000,0.7531,424.2108
22.6200,0.7538,424.5061
22.6400,0.7545,424.8543
22.6600,0.7552,425.2585
22.6800,0.7560,425.6944
22.7000,0.7567,426.1646
22.7200,0.7574,426.5600
22.7400,0.7582,426.9637
22.7600,0.7589,427.3531
22.7800,0.7596,427.7279
22.8000,0.7602,428.1207
22.8200,0.7609,428.4994
22.8400,0.7616,428.8729
22.8600,0.7622,429.2268
22.8800,0.7629,429.5819
22.9000,0.7636,429.9218
22.9200,0.7642,430.2557
22.9400,0.7649,430.6539
22.9600,0.7655,431.0365
22.9800,0.7661,431.3649
23.0000,0.7667,431.6805
23.0200,0.7674,432.0111
23.0400,0.7680,432.2928
23.0600,0.7688,432.6219
23.0800,0.7695,433.0251
23.1000,0.7701,433.4300
23.1200,0.7708,433.8072
23.1400,0.7714,434.1530
23.1600,0.7720,434.4382
23.1800,0.7726,434.7362
23.2000,0.7733,435.0663
23.2200,0.7739,435.4102
23.2400,0.7744,435.7750
23.2600,0.7750,436.1139
23.2800,0.7756,436.4014
23.3000,0.7763,436.6937
23.3200,0.7770,437.0379
23.3400,0.7779,437.4554
23.3600,0.7786,437.9247
23.3800,0.7793,438.3742
23.4000,0.7800,438.7590
23.4200,0.7807,439.1388
23.4400,0.7813,439.5341
23.4600,0.7820,439.8866
23.4800,0.7827,440.2183
23.5000,0.7835,440.6259
23.5200,0.7842,441.0546
23.5400,0.7851,441.4860
23.5600,0.7857,441.9091
23.5800,0.7864,442.3014
23.6000,0.7870,442.6508
23.6200,0.7875,442.9674
23.6400,0.7881,443.2556
23.6600,0.7887,443.5384
23.6800,0.7893,443.8341
23.7000,0.7899,444.1382
23.7200,0.7906,444.4448
23.7400,0.7913,444.8249
23.7600,0.7920,445.1977
23.7800,0.7926,445.5789
23.8000,0.7933,445.9580
23.8200,0.7940,446.3316
23.8400,0.7947,446.7373
23.8600,0.7953,447.0847
23.8800,0.7959,447.3975
23.9000,0.7965,447.7256
23.9200,0.7971,448.0396
23.9400,0.7977,448.3503
23.9600,0.7984,448.6905
23.9800,0.7991,448.9933
24.0000,0.7998,449.3296
24.0200,0.8007,449.7521
24.0400,0.8014,450.2079
24.0600,0.8020,450.6189
24.0800,0.8027,451.0031
24.1000,0.8035,451.3961
24.1200,0.8043,451.8238
24.1400,0.8050,452.2638
24.1600,0.8056,452.6569
24.1800,0.8062,453.0099
24.2000,0.8069,453.3192
24.2200,0.8076,453.6677
24.2400,0.8083,454.0254
24.2600,0.8089,454.3933
24.2800,0.8096,454.7561
24.3000,0.8102,455.0873
24.3200,0.8108,455.4608
24.3400,0.8114,455.7357
24.3600,0.8121,456.0616
24.3800,0.8127,456.4275
24.4000,0.8133,456.7316
24.4200,0.8141,457.0504
24.4400,0.8148,457.4261
24.4600,0.8155,457.8319
24.4800,0.8162,458.2145
24.5000,0.8169,458.6386
24.5200,0.8175,459.0431
24.5400,0.8181,459.3427
24.5600,0.8187,459.6339
24.5800,0.8194,459.9849
24.6000,0.8200,460.2899
24.6200,0.8205,460.5754
24.6400,0.8211,460.8505
24.6600,0.8218,461.1203
24.6800,0.8224,461.4530
24.7000,0.8232,461.8607
24.7200,0.8240,462.3224
24.7400,0.8246,462.7138
24.7600,0.8253,463.0807
24.7800,0.8260,463.4640
24.8000,0.8267,463.8376
24.8200,0.8276,464.2367
24.8400,0.8283,464.6861
24.8600,0.8290,465.1174
24.8800,0.8297,465.5099
24.9000,0.8303,465.8870
24.9200,0.8310,466.2350
24.9400,0.8316,466.5520
24.9600,0.8322,466.8550
24.9800,0.8328,467.1549
25.0000,0.8334,467.4709
25.0200,0.8341,467.7781
25.0400,0.8347,468.1453
25.0600,0.8354,468.4985
25.0800,0.8361,468.8370
25.1000,0.8368,469.2154
25.1200,0.8374,469.5578
25.1400,0.8381,469.9112
25.1600,0.8388,470.2732
25.1800,0.8394,470.6359
25.2000,0.8400,470.9840
25.2200,0.8406,471.2862
25.2400,0.8413,471.5584
25.2600,0.8419,471.8943
25.2800,0.8424,472.2217
25.3000,0.8430,472.5245
25.3200,0.8439,472.8501
25.3400,0.8446,473.2354
25.3600,0.8453,473.6417
25.3800,0.8461,474.0874
25.4000,0.8467,474.5267
25.4200,0.8474,474.8990
25.4400,0.8481,475.2271
25.4600,0.8488,475.5888
25.4800,0.8496,475.9890
25.5000,0.8504,476.4223
25.5200,0.8511,476.8698
25.5400,0.8518,477.2609
25.5600,0.8524,477.6231
25.5800,0.8530,477.9578
25.6000,0.8535,478.2680
25.6200,0.8542,478.5670
25.6400,0.8548,478.8635
25.6600,0.8554,479.1470
25.6800,0.8560,479.4451
25.7000,0.8567,479.7672
25.7200,0.8574,480.1131
25.7400,0.8580,480.4719
25.7600,0.8587,480.8488
25.7800,0.8596,481.2462
25.8000,0.8603,481.6196
25.8200,0.8609,481.9932
25.8400,0.8616,482.3708
25.8600,0.8622,482.7276
25.8800,0.8627,483.0428
25.9000,0.8633,483.3120
25.9200,0.8639,483.5973
25.9400,0.8644,483.8874
25.9600,0.8651,484.1882
25.9800,0.8657,484.4685
26.0000,0.8663,484.7521
26.0200,0.8670,485.0909
26.0400,0.8677,485.4858
26.0600,0.8685,485.8954
26.0800,0.8692,486.3285
26.1000,0.8700,486.7247
26.1200,0.8707,487.0825
26.1400,0.8714,487.4722
26.1600,0.8721,487.8858
26.1800,0.8729,488.3086
26.2000,0.8736,488.7503
26.2200,0.8743,489.1911
26.2400,0.8750,489.5757
26.2600,0.8756,489.9173
26.2800,0.8763,490.2576
26.3000,0.8769,490.5807
26.3200,0.8775,490.8925
26.3400,0.8781,491.1960
26.3600,0.8788,491.5091
26.3800,0.8794,491.8589
26.4000,0.8800,492.1866
26.4200,0.8808,492.5196
26.4400,0.8815,492.8764
26.4600,0.8822,493.2527
26.4800,0.8828,493.6651
26.5000,0.8835,494.0384
26.5200,0.8841,494.3460
26.5400,0.8848,494.6806
26.5600,0.8854,495.0095
26.5800,0.8861,495.3395
26.6000,0.8866,495.7206
26.6200,0.8872,496.0244
26.6400,0.8878,496.2668
26.6600,0.8885,496.5824
26.6800,0.8891,496.9343
26.7000,0.8898,497.2350
26.7200,0.8905,497.5222
26.7400,0.8912,497.9125
26.7600,0.8919,498.3636
26.7800,0.8926,498.7727
26.8000,0.8933,499.1549
26.8200,0.8940,499.5419
26.8400,0.8947,499.8912
26.8600,0.8955,500.2834
26.8800,0.8963,500.7137
26.9000,0.8970,501.1378
26.9200,0.8976,501.5134
26.9400,0.8982,501.8385
26.9600,0.8988,502.1395
26.9800,0.8995,502.4503
27.0000,0.9001,502.7771
27.0200,0.9008,503.0981
27.0400,0.9014,503.4254
27.0600,0.9019,503.7422
27.0800,0.9027,504.0471
27.1000,0.9034,504.4046
27.1200,0.9041,504.8018
27.1400,0.9048,505.1708
27.1600,0.9054,505.5098
27.1800,0.9061,505.8721
27.2000,0.9068,506.2564
27.2200,0.9075,506.6406
27.2400,0.9081,506.9893
27.2600,0.9087,507.2759
27.2800,0.9093,507.5627
27.3000,0.9097,507.8484
27.3200,0.9104,508.1560
27.3400,0.9110,508.4719
27.3600,0.9117,508.7812
27.3800,0.9125,509.1141
27.4000,0.9132,509.4631
27.4200,0.9139,509.8540
27.4400,0.9146,510.2691
27.4600,0.9153,510.6627
27.4800,0.9161,511.0655
27.5000,0.9168,511.5113
27.5200,0.9176,511.9356
27.5400,0.9184,512.3488
27.5600,0.9191,512.7763
27.5800,0.9198,513.1564
27.6000,0.9204,513.5057
27.6200,0.9210,513.8030
27.6400,0.9217,514.1086
27.6600,0.9222,514.4178
27.6800,0.9228,514.7438
27.7000,0.9234,515.0496
27.7200,0.9240,515.3473
27.7400,0.9246,515.6530
27.7600,0.9253,515.9748
27.7800,0.9261,516.3386
27.8000,0.9269,516.7424
27.8200,0.9274,517.1378
27.8400,0.9282,517.4878
27.8600,0.9287,517.8157
27.8800,0.9295,518.1598
27.9000,0.9300,518.5086
27.9200,0.9306,518.8044
27.9400,0.9313,519.1050
27.9600,0.9318,519.3842
27.9800,0.9324,519.6742
28.0000,0.9331,519.9772
28.0200,0.9338,520.3370
28.0400,0.9345,520.6941
28.0600,0.9351,521.0533
28.0800,0.9359,521.4092
28.1000,0.9365,521.7857
28.1200,0.9372,522.1705
28.1400,0.9381,522.5350
28.1600,0.9388,522.9200
28.1800,0.9395,523.3153
28.2000,0.9402,523.7183
28.2200,0.9409,524.1140
28.2400,0.9415,524.4678
28.2600,0.9422,524.8098
28.2800,0.9429,525.1672
28.3000,0.9436,525.5503
28.3200,0.9443,525.9169
28.3400,0.9449,526.2532
28.3600,0.9455,526.5864
28.3800,0.9461,526.8995
28.4000,0.9467,527.2089
28.4200,0.9474,527.5284
28.4400,0.9480,527.8373
28.4600,0.9488,528.1978
28.4800,0.9495,528.5838
28.5000,0.9502,528.9838
28.5200,0.9509,529.4058
28.5400,0.9516,529.8025
28.5600,0.9522,530.1389
28.5800,0.9527,530.4186
28.6000,0.9534,530.6976
28.6200,0.9540,531.0020
28.6400,0.9546,531.3022
28.6600,0.9552,531.5768
28.6800,0.9559,531.8855
28.7000,0.9565,532.2496
28.7200,0.9572,532.6061
28.7400,0.9579,532.9442
28.7600,0.9586,533.3436
28.7800,0.9593,533.7361
28.8000,0.9600,534.0823
28.8200,0.9607,534.4356
28.8400,0.9616,534.8495
28.8600,0.9622,535.2474
28.8800,0.9630,535.6083
28.9000,0.9637,535.9841
28.9200,0.9644,536.3732
28.9400,0.9650,536.7848
28.9600,0.9657,537.1407
28.9800,0.9663,537.4717
29.0000,0.9670,537.7993
29.0200,0.9676,538.1021
29.0400,0.9682,538.4162
29.0600,0.9688,538.7143
29.0800,0.9694,539.0018
29.1000,0.9701,539.3042
29.1200,0.9708,539.6524
29.1400,0.9715,540.0487
29.1600,0.9722,540.4554
29.1800,0.9728,540.8275
29.2000,0.9735,541.1663
29.2200,0.9741,541.4880
29.2400,0.9747,541.8089
29.2600,0.9754,542.0968
29.2800,0.9761,542.4225
29.3000,0.9767,542.7852
29.3200,0.9773,543.1087
29.3400,0.9779,543.4001
29.3600,0.9786,543.7059
29.3800,0.9793,544.0742
29.4000,0.9800,544.4114
29.4200,0.9807,544.7512
29.4400,0.9812,545.0838
29.4600,0.9819,545.4033
29.4800,0.9826,545.6960
29.5000,0.9833,546.0607
29.5200,0.9840,546.5016
29.5400,0.9847,546.9156
29.5600,0.9854,547.2748
29.5800,0.9861,547.6198
29.6000,0.9868,547.9950
29.6200,0.9875,548.3693
29.6400,0.9882,548.7577
29.6600,0.9890,549.1290
29.6800,0.9895,549.4831
29.7000,0.9901,549.7939
29.7200,0.9908,550.0906
29.7400,0.9914,550.4094
29.7600,0.9920,550.7582
29.7800,0.9927,551.0889
29.8000,0.9933,551.3795
29.8200,0.9940,551.7044
29.8400,0.9947,552.0783
29.8600,0.9954,552.4537
29.8800,0.9962,552.7897
29.9000,0.9967,553.1343
29.9200,0.9973,553.4663
29.9400,0.9979,553.7620
29.9600,0.9986,554.0727
29.9800,0.9992,554.3988
30.0000,0.9998,554.6918
30.0200,1.0005,554.9941
30.0400,1.0012,555.3498
30.0600,1.0018,555.7018
30.0800,1.0025,556.0533
30.1000,1.0032,556.3996
30.1200,1.0038,556.7468
30.1400,1.0045,557.0938
30.1600,1.0054,557.4327
30.1800,1.0061,557.8146
30.2000,1.0068,558.2217
30.2200,1.0075,558.6245
30.2400,1.0082,559.0043
30.2600,1.0089,559.3714
30.2800,1.0096,559.7455
30.3000,1.0103,560.0995
30.3200,1.0109,560.4766
30.3400,1.0115,560.8344
30.3600,1.0121,561.1436
30.3800,1.0127,561.4217
30.4000,1.0134,561.6962
30.4200,1.0140,561.9886
30.4400,1.0147,562.3102
30.4600,1.0153,562.6281
30.4800,1.0160,562.9486
30.5000,1.0167,563.2885
30.5200,1.0174,563.6444
30.5400,1.0181,564.0170
30.5600,1.0187,564.3958
30.5800,1.0194,564.7574
30.6000,1.0200,565.0733
30.6200,1.0207,565.3931
30.6400,1.0213,565.7403
30.6600,1.0219,566.0849
30.6800,1.0225,566.3815
30.7000,1.0232,566.6478
30.7200,1.0239,566.9837
30.7400,1.0246,567.3657
30.7600,1.0252,567.7543
30.7800,1.0258,568.0767
30.8000,1.0264,568.3599
30.8200,1.0270,568.6133
30.8400,1.0278,568.9063
30.8600,1.0286,569.3031
30.8800,1.0293,569.7371
30.9000,1.0300,570.1830
30.9200,1.0306,570.5439
30.9400,1.0313,570.8755
30.9600,1.0320,571.2396
30.9800,1.0329,571.6031
31.0000,1.0336,572.0152
31.0200,1.0343,572.4050
31.0400,1.0350,572.7724
31.0600,1.0356,573.1148
31.0800,1.0362,573.4203
31.1000,1.0369,573.6949
31.1200,1.0375,573.9954
31.1400,1.0381,574.3058
31.1600,1.0388,574.6184
31.1800,1.0395,574.9462
31.2000,1.0401,575.2954
31.2200,1.0408,575.6990
31.2400,1.0415,576.0432
31.2600,1.0421,576.3438
31.2800,1.0427,576.6484
31.3000,1.0434,576.9465
31.3200,1.0440,577.2602
31.3400,1.0446,577.5956
31.3600,1.0451,577.8799
31.3800,1.0459,578.1695
31.4000,1.0466,578.4906
31.4200,1.0473,578.8506
31.4400,1.0479,579.2344
31.4600,1.0485,579.6087
31.4800,1.0492,579.9453
31.5000,1.0500,580.2722
31.5200,1.0508,580.6187
31.5400,1.0515,581.0488
31.5600,1.0522,581.5024
31.5800,1.0528,581.8855
31.6000,1.0535,582.1917
31.6200,1.0542,582.5037
31.6400,1.0549,582.8666
31.6600,1.0557,583.2408
31.6800,1.0564,583.6033
31.7000,1.0570,583.9692
31.7200,1.0575,584.2889
31.7400,1.0581,584.5770
31.7600,1.0587,584.8737
31.7800,1.0594,585.1683
31.8000,1.0601,585.5015
31.8200,1.0608,585.8586
31.8400,1.0616,586.2195
31.8600,1.0623,586.6097
31.8800,1.0630,586.9672
31.9000,1.0636,587.2940
31.9200,1.0642,587.6211
31.9400,1.0649,587.9449
31.9600,1.0655,588.2658
31.9800,1.0662,588.5933
32.0000,1.0669,588.9489
32.0200,1.0675,589.2876
32.0400,1.0680,589.5941
32.0600,1.0688,589.8953
32.0800,1.0695,590.2436
32.1000,1.0701,590.6076
32.1200,1.0706,590.9379
32.1400,1.0712,591.2539
32.1600,1.0719,591.5299
32.1800,1.0727,591.8260
32.2000,1.0734,592.1754
32.2200,1.0741,592.5706
32.2400,1.0748,592.9708
32.2600,1.0754,593.3383
32.2800,1.0761,593.6735
32.3000,1.0769,594.0290
32.3200,1.0776,594.4086
32.3400,1.0783,594.7936
32.3600,1.0789,595.1781
32.3800,1.0796,595.4991
32.4000,1.0802,595.8091
32.4200,1.0809,596.1129
32.4400,1.0815,596.4185
32.4600,1.0821,596.7205
32.4800,1.0827,597.0156
32.5000,1.0834,597.3170
32.5200,1.0841,597.6179
32.5400,1.0848,597.9655
32.5600,1.0855,598.3416
32.5800,1.0861,598.7097
32.6000,1.0868,599.0577
32.6200,1.0875,599.4033
32.6400,1.0881,599.7344
32.6600,1.0888,600.0636
32.6800,1.0893,600.3874
32.7000,1.0899,600.6738
32.7200,1.0905,600.9477
32.7400,1.0912,601.2361
32.7600,1.0918,601.5399
32.7800,1.0926,601.8761
32.8000,1.0933,602.2556
32.8200,1.0940,602.6613
32.8400,1.0947,603.0281
32.8600,1.0954,603.3658
32.8800,1.0961,603.7235
32.9000,1.0967,604.1024
32.9200,1.0974,604.4609
32.9400,1.0982,604.7791
32.9600,1.0987,605.0903
32.9800,1.0995,605.4263
33.0000,1.1002,605.7919
33.0200,1.1009,606.1519
33.0400,1.1016,606.5167
33.0600,1.1022,606.8380
33.0800,1.1029,607.1604
33.1000,1.1035,607.4665
33.1200,1.1041,607.7955
33.1400,1.1048,608.1121
33.1600,1.1054,608.3911
33.1800,1.1059,608.6766
33.2000,1.1067,609.0068
33.2200,1.1074,609.3699
33.2400,1.1081,609.7463
33.2600,1.1088,610.1039
33.2800,1.1094,610.4421
33.3000,1.1100,610.7587
33.3200,1.1107,611.0707
33.3400,1.1113,611.3540
33.3600,1.1118,611.6424
33.3800,1.1124,611.9490
33.4000,1.1131,612.2647
33.4200,1.1139,612.6244
33.4400,1.1146,612.9934
33.4600,1.1153,613.3587
33.4800,1.1159,613.6896
33.5000,1.1165,614.0122
33.5200,1.1172,614.3063
33.5400,1.1179,614.6108
33.5600,1.1187,614.9520
33.5800,1.1194,615.3619
33.6000,1.1200,615.7525
33.6200,1.1207,616.1076
33.6400,1.1213,616.4247
33.6600,1.1220,616.7513
33.6800,1.1227,617.0755
33.7000,1.1235,617.4259
33.7200,1.1242,617.8235
33.7400,1.1250,618.2419
33.7600,1.1255,618.6288
33.7800,1.1262,618.9480
33.8000,1.1268,619.2391
33.8200,1.1274,619.5247
33.8400,1.1280,619.8127
33.8600,1.1287,620.1328
33.8800,1.1294,620.4712
33.9000,1.1300,620.7742
33.9200,1.1307,621.1071
33.9400,1.1313,621.4305
33.9600,1.1320,621.7862
33.9800,1.1326,622.0894
34.0000,1.1332,622.3681
34.0200,1.1339,622.6685
34.0400,1.1345,623.0107
34.0600,1.1352,623.3281
34.0800,1.1359,623.6436
34.1000,1.1365,623.9799
34.1200,1.1372,624.3116
34.1400,1.1379,624.6367
34.1600,1.1385,624.9874
34.1800,1.1392,625.3372
34.2000,1.1401,625.7003
34.2200,1.1408,626.0861
34.2400,1.1415,626.4705
34.2600,1.1422,626.8715
34.2800,1.1428,627.2441
34.3000,1.1435,627.5600
34.3200,1.1441,627.8482
34.3400,1.1448,628.1567
34.3600,1.1455,628.4919
34.3800,1.1462,628.8227
34.4000,1.1469,629.1912
34.4200,1.1475,629.5747
34.4400,1.1482,629.8977
34.4600,1.1488,630.2068
34.4800,1.1494,630.5141
34.5000,1.1500,630.8212
34.5200,1.1507,631.0918
34.5400,1.1513,631.3947
34.5600,1.1520,631.7285
34.5800,1.1527,632.0886
34.6000,1.1533,632.4427
34.6200,1.1540,632.7549
34.6400,1.1546,633.0483
34.6600,1.1553,633.3649
34.6800,1.1560,633.6957
34.7000,1.1566,634.0411
34.7200,1.1572,634.3872
34.7400,1.1579,634.6840
34.7600,1.1585,634.9827
34.7800,1.1592,635.2845
34.8000,1.1598,635.6341
34.8200,1.1606,635.9825
34.8400,1.1613,636.3912
34.8600,1.1620,636.7632
34.8800,1.1627,637.1075
34.9000,1.1634,637.4696
34.9200,1.1641,637.8624
34.9400,1.1649,638.2147
34.9600,1.1654,638.5419
34.9800,1.1660,638.8382
35.0000,1.1667,639.1442
35.0200,1.1675,639.4990
35.0400,1.1683,639.8774
35.0600,1.1690,640.2676
35.0800,1.1697,640.6470
35.1000,1.1703,640.9980
35.1200,1.1709,641.3068
35.1400,1.1715,641.5858
35.1600,1.1721,641.8702
35.1800,1.1726,642.1458
35.2000,1.1734,642.4138
35.2200,1.1741,642.7180
35.2400,1.1747,643.0825
35.2600,1.1754,643.4418
35.2800,1.1761,643.7779
35.3000,1.1767,644.1161
35.3200,1.1772,644.4159
35.3400,1.1780,644.6829
35.3600,1.1785,644.9659
35.3800,1.1791,645.2791
35.4000,1.1797,645.5561
35.4200,1.1803,645.7964
35.4400,1.1810,646.0825
35.4600,1.1819,646.4322
35.4800,1.1827,646.8373
35.5000,1.1834,647.2693
35.5200,1.1841,647.6866
35.5400,1.1849,648.0964
35.5600,1.1856,648.4898
35.5800,1.1863,648.8639
35.6000,1.1869,649.2136
35.6200,1.1875,649.5288
35.6400,1.1882,649.8297
35.6600,1.1888,650.1033
35.6800,1.1895,650.4095
35.7000,1.1902,650.7482
35.7200,1.1909,651.1270
35.7400,1.1915,651.5048
35.7600,1.1922,651.8361
35.7800,1.1928,652.1501
35.8000,1.1934,652.4365
35.8200,1.1941,652.7213
35.8400,1.1947,653.0453
35.8600,1.1954,653.3797
35.8800,1.1961,653.6959
35.9000,1.1968,654.0121
35.9200,1.1976,654.3829
35.9400,1.1983,654.7729
35.9600,1.1990,655.1553
35.9800,1.1996,655.4902
36.0000,1.2002,655.7928
36.0200,1.2007,656.0510
36.0400,1.2013,656.3172
36.0600,1.2019,656.6026
36.0800,1.2024,656.8481
36.1000,1.2031,657.0859
36.1200,1.2037,657.3489
36.1400,1.2045,657.6853
36.1600,1.2052,658.0521
36.1800,1.2061,658.4762
36.2000,1.2068,658.8749
36.2200,1.2075,659.2627
36.2400,1.2083,659.6465
36.2600,1.2090,660.0820
36.2800,1.2096,660.4855
36.3000,1.2103,660.8298
36.3200,1.2109,661.1356
36.3400,1.2116,661.4425
36.3600,1.2123,661.7383
36.3800,1.2129,662.0414
36.4000,1.2136,662.3708
36.4200,1.2142,662.6791
36.4400,1.2148,662.9764
36.4600,1.2154,663.2624
36.4800,1.2161,663.5574
36.5000,1.2167,663.8650
36.5200,1.2173,664.1796
36.5400,1.2179,664.4561
36.5600,1.2187,664.7514
36.5800,1.2194,665.1002
36.6000,1.2201,665.4875
36.6200,1.2208,665.8716
36.6400,1.2214,666.2302
36.6600,1.2221,666.5761
36.6800,1.2227,666.8956
36.7000,1.2234,667.1925
36.7200,1.2240,667.4813
36.7400,1.2245,667.7358
36.7600,1.2251,667.9516
36.7800,1.2257,668.1928
36.8000,1.2264,668.4947
36.8200,1.2271,668.8420
36.8400,1.2279,669.1959
36.8600,1.2286,669.6016
36.8800,1.2293,670.0197
36.9000,1.2301,670.3918
36.9200,1.2308,670.7737
36.9400,1.2316,671.1802
36.9600,1.2321,671.5318
36.9800,1.2327,671.8263
37.0000,1.2334,672.1157
37.0200,1.2342,672.4247
37.0400,1.2349,672.7819
37.0600,1.2356,673.1584
37.0800,1.2363,673.5175
37.1000,1.2369,673.8699
37.1200,1.2375,674.1816
37.1400,1.2380,674.4526
37.1600,1.2386,674.6999
37.1800,1.2392,674.9675
37.2000,1.2399,675.2603
37.2200,1.2406,675.5471
37.2400,1.2415,675.9265
37.2600,1.2421,676.3178
37.2800,1.2428,676.6786
37.3000,1.2435,677.0211
37.3200,1.2441,677.3333
37.3400,1.2448,677.6471
37.3600,1.2454,677.9405
37.3800,1.2461,678.2436
37.4000,1.2467,678.5910
37.4200,1.2471,678.8763
37.4400,1.2477,679.0709
37.4600,1.2483,679.3228
37.4800,1.2490,679.5947
37.5000,1.2497,679.9269
37.5200,1.2506,680.3064
37.5400,1.2513,680.7282
37.5600,1.2520,681.1260
37.5800,1.2527,681.4896
37.6000,1.2533,681.8154
37.6200,1.2540,682.1257
37.6400,1.2546,682.4251
37.6600,1.2553,682.7494
37.6800,1.2561,683.1093
37.7000,1.2569,683.4884
37.7200,1.2576,683.9072
37.7400,1.2584,684.3259
37.7600,1.2589,684.7041
37.7800,1.2595,685.0388
37.8000,1.2601,685.2860
37.8200,1.2607,685.4950
37.8400,1.2614,685.7545
37.8600,1.2620,686.0678
37.8800,1.2626,686.3849
37.9000,1.2633,686.7224
37.9200,1.2640,687.0264
37.9400,1.2647,687.3243
37.9600,1.2654,687.6573
37.9800,1.2661,688.0072
38.0000,1.2667,688.3807
38.0200,1.2674,688.7109
38.0400,1.2680,689.0116
38.0600,1.2686,689.2776
38.0800,1.2692,689.5677
38.1000,1.2698,689.8624
38.1200,1.2704,690.1345
38.1400,1.2711,690.4224
38.1600,1.2718,690.7280
38.1800,1.2725,691.0532
38.2000,1.2732,691.4348
38.2200,1.2739,691.8111
38.2400,1.2746,692.1465
38.2600,1.2755,692.4745
38.2800,1.2762,692.8635
38.3000,1.2768,693.2568
38.3200,1.2775,693.6337
38.3400,1.2781,693.9862
38.3600,1.2788,694.3082
38.3800,1.2795,694.5874
38.4000,1.2803,694.8929
38.4200,1.2810,695.3233
38.4400,1.2816,695.7371
38.4600,1.2822,696.0925
38.4800,1.2828,696.3409
38.5000,1.2834,696.5394
38.5200,1.2841,696.7853
38.5400,1.2847,697.1102
38.5600,1.2854,697.4536
38.5800,1.2861,697.7583
38.6000,1.2868,698.0745
38.6200,1.2875,698.4029
38.6400,1.2882,698.7470
38.6600,1.2889,699.1332
38.6800,1.2895,699.5244
38.7000,1.2901,699.8116
38.7200,1.2907,700.0570
38.7400,1.2914,700.3322
38.7600,1.2920,700.6068
38.7800,1.2926,700.9110
38.8000,1.2932,701.1649
38.8200,1.2938,701.4245
38.8400,1.2945,701.6891
38.8600,1.2952,702.0081
38.8800,1.2959,702.4171
38.9000,1.2966,702.8283
38.9200,1.2973,703.1593
38.9400,1.2980,703.4692
38.9600,1.2987,703.7944
38.9800,1.2994,704.1962
39.0000,1.3001,704.5911
39.0200,1.3009,704.9249
39.0400,1.3016,705.2397
39.0600,1.3023,705.6065
39.0800,1.3030,705.9954
39.1000,1.3036,706.3267
39.1200,1.3043,706.6412
39.1400,1.3049,706.9128
39.1600,1.3055,707.1597
39.1800,1.3062,707.4148
39.2000,1.3068,707.7200
39.2200,1.3075,708.0475
39.2400,1.3081,708.3892
39.2600,1.3088,708.7130
39.2800,1.3095,709.0360
39.3000,1.3102,709.3716
39.3200,1.3109,709.7235
39.3400,1.3116,710.0866
39.3600,1.3122,710.3914
39.3800,1.3128,710.6691
39.4000,1.3135,710.9543
39.4200,1.3141,711.2663
39.4400,1.3147,711.5755
39.4600,1.3154,711.8661
39.4800,1.3160,712.1632
39.5000,1.3166,712.4439
39.5200,1.3173,712.7298
39.5400,1.3180,713.0604
39.5600,1.3186,713.4095
39.5800,1.3192,713.7072
39.6000,1.3199,713.9746
39.6200,1.3207,714.2809
39.6400,1.3215,714.6829
39.6600,1.3222,715.1096
39.6800,1.3229,715.5088
39.7000,1.3235,715.8840
39.7200,1.3242,716.2050
39.7400,1.3249,716.5187
39.7600,1.3256,716.8523
39.7800,1.3262,717.2126
39.8000,1.3269,717.5168
39.8200,1.3275,717.7939
39.8400,1.3281,718.0561
39.8600,1.3287,718.3328
39.8800,1.3293,718.6388
39.9000,1.3300,718.9141
39.9200,1.3307,719.1902
39.9400,1.3314,719.5109
39.9600,1.3323,719.8851
39.9800,1.3330,720.2956
40.0000,1.3337,720.6493
40.0200,1.3343,721.0150
40.0400,1.3349,721.3392
40.0600,1.3354,721.5878
40.0800,1.3360,721.8386
40.1000,1.3366,722.1071
40.1200,1.3372,722.3673
40.1400,1.3378,722.5950
40.1600,1.3385,722.8793
40.1800,1.3392,723.2306
40.2000,1.3399,723.5745
40.2200,1.3406,723.9238
40.2400,1.3412,724.2505
40.2600,1.3418,724.5088
40.2800,1.3425,724.8860
40.3000,1.3432,725.0626
40.3200,1.3439,725.4744
40.3400,1.3447,725.9011
40.3600,1.3455,726.2049
40.3800,1.3462,726.5760
40.4000,1.3469,726.9119
40.4200,1.3475,727.2325
40.4400,1.3482,727.6003
40.4600,1.3489,727.8995
40.4800,1.3496,728.2416
40.5000,1.3502,728.5494
40.5200,1.3508,728.7966
40.5400,1.3514,729.0818
40.5600,1.3520,729.4040
40.5800,1.3526,729.6495
40.6000,1.3534,729.9370
40.6200,1.3541,730.2557
40.6400,1.3548,730.6107
40.6600,1.3555,730.9697
40.6800,1.3561,731.3254
40.7000,1.3568,731.6354
40.7200,1.3574,731.9586
40.7400,1.3581,732.2803
40.7600,1.3587,732.5478
40.7800,1.3593,732.8760
40.8000,1.3599,733.1403
40.8200,1.3605,733.3381
40.8400,1.3612,733.6298
40.8600,1.3618,733.9548
40.8800,1.3625,734.2691
40.9000,1.3632,734.6151
40.9200,1.3639,734.9655
40.9400,1.3646,735.3066
40.9600,1.3653,735.6337
40.9800,1.3660,735.9784
41.0000,1.3666,736.3317
41.0200,1.3673,736.6553
41.0400,1.3681,736.9826
41.0600,1.3689,737.3132
41.0800,1.3696,737.6629
41.1000,1.3702,738.0518
41.1200,1.3709,738.4131
41.1400,1.3715,738.7140
41.1600,1.3722,738.9699
41.1800,1.3729,739.2671
41.2000,1.3735,739.6117
41.2200,1.3740,739.9326
41.2400,1.3746,740.2120
41.2600,1.3753,740.4665
41.2800,1.3762,740.7521
41.3000,1.3769,741.1252
41.3200,1.3776,741.5175
41.3400,1.3783,741.8739
41.3600,1.3789,742.1653
41.3800,1.3795,742.4343
41.4000,1.3801,742.7236
41.4200,1.3807,743.0084
41.4400,1.3812,743.2975
41.4600,1.3818,743.5568
41.4800,1.3824,743.8090
41.5000,1.3831,744.0746
41.5200,1.3838,744.4016
41.5400,1.3846,744.7628
41.5600,1.3853,745.0992
41.5800,1.3860,745.4273
41.6000,1.3866,745.7597
41.6200,1.3873,746.0968
41.6400,1.3880,746.4161
41.6600,1.3887,746.7549
41.6800,1.3894,747.0862
41.7000,1.3901,747.4288
41.7200,1.3908,747.7784
41.7400,1.3915,748.1281
41.7600,1.3922,748.4760
41.7800,1.3929,748.8328
41.8000,1.3936,749.1653
41.8200,1.3942,749.4669
41.8400,1.3948,749.7673
41.8600,1.3954,750.0523
41.8800,1.3961,750.3522
41.9000,1.3967,750.6227
41.9200,1.3973,750.8711
41.9400,1.3980,751.1617
41.9600,1.3988,751.5111
41.9800,1.3994,751.8258
42.0000,1.4000,752.1337
42.0200,1.4007,752.4581
42.0400,1.4014,752.7953
42.0600,1.4020,753.0715
42.0800,1.4026,753.3254
42.1000,1.4033,753.6241
42.1200,1.4038,753.9040
42.1400,1.4044,754.1736
42.1600,1.4051,754.4857
42.1800,1.4058,754.7848
42.2000,1.4066,755.1383
42.2200,1.4072,755.5272
42.2400,1.4080,755.9127
42.2600,1.4086,756.2574
42.2800,1.4092,756.5457
42.3000,1.4099,756.8345
42.3200,1.4108,757.1359
42.3400,1.4115,757.4659
42.3600,1.4121,757.8327
42.3800,1.4128,758.1769
42.4000,1.4135,758.4813
42.4200,1.4141,758.7855
42.4400,1.4149,759.1024
42.4600,1.4156,759.4608
42.4800,1.4163,759.8404
42.5000,1.4169,760.1729
42.5200,1.4176,760.5068
42.5400,1.4182,760.7875
42.5600,1.4188,761.0508
42.5800,1.4194,761.3440
42.6000,1.4200,761.6358
42.6200,1.4207,761.9240
42.6400,1.4215,762.1732
42.6600,1.4222,762.4659
42.6800,1.4229,762.8616
42.7000,1.4236,763.3023
42.7200,1.4242,763.6335
42.7400,1.4248,763.8687
42.7600,1.4254,764.0629
42.7800,1.4261,764.3330
42.8000,1.4266,764.6603
42.8200,1.4272,764.9596
42.8400,1.4279,765.2220
42.8600,1.4286,765.4876
42.8800,1.4293,765.7818
42.9000,1.4299,766.1091
42.9200,1.4306,766.4968
42.9400,1.4313,766.8536
42.9600,1.4319,767.1387
42.9800,1.4327,767.4343
43.0000,1.4334,767.7919
43.0200,1.4343,768.1978
43.0400,1.4350,768.5869
43.0600,1.4357,768.9139
43.0800,1.4363,769.2142
43.1000,1.4370,769.5013
43.1200,1.4377,769.8201
43.1400,1.4383,770.1718
43.1600,1.4390,770.4790
43.1800,1.4396,770.8170
43.2000,1.4402,771.0928
43.2200,1.4407,771.2974
43.2400,1.4415,771.5293
43.2600,1.4422,771.8207
43.2800,1.4428,772.1727
43.3000,1.4436,772.4869
43.3200,1.4443,772.8094
43.3400,1.4449,773.1869
43.3600,1.4456,773.5510
43.3800,1.4462,773.8978
43.4000,1.4468,774.1716
43.4200,1.4475,774.3997
43.4400,1.4481,774.6774
43.4600,1.4487,774.9699
43.4800,1.4492,775.2761
43.5000,1.4498,775.5341
43.5200,1.4505,775.7791
43.5400,1.4513,776.0820
43.5600,1.4520,776.4043
43.5800,1.4527,776.7338
43.6000,1.4533,777.0377
43.6200,1.4539,777.3011
43.6400,1.4546,777.5896
43.6600,1.4553,777.9058
43.6800,1.4561,778.3013
43.7000,1.4568,778.6981
43.7200,1.4574,779.0173
43.7400,1.4581,779.2889
43.7600,1.4588,779.5959
43.7800,1.4595,779.9223
43.8000,1.4602,780.2604
43.8200,1.4608,780.6071
43.8400,1.4615,780.9171
43.8600,1.4621,781.1998
43.8800,1.4627,781.4885
43.9000,1.4633,781.7314
43.9200,1.4639,781.9680
43.9400,1.4645,782.2458
43.9600,1.4652,782.5211
43.9800,1.4659,782.8102
44.0000,1.4666,783.1482
44.0200,1.4674,783.5186
44.0400,1.4680,783.9208
44.0600,1.4687,784.2759
44.0800,1.4694,784.5714
44.1000,1.4700,784.8605
44.1200,1.4706,785.1250
44.1400,1.4712,785.4172
44.1600,1.4718,785.7003
44.1800,1.4725,785.9641
44.2000,1.4732,786.2827
44.2200,1.4740,786.6055
44.2400,1.4747,786.9788
44.2600,1.4753,787.3336
44.2800,1.4759,787.6349
44.3000,1.4765,787.8884
44.3200,1.4771,788.1259
44.3400,1.4779,788.3917
44.3600,1.4786,788.7534
44.3800,1.4794,789.1391
44.4000,1.4801,789.4941
44.4200,1.4809,789.8162
44.4400,1.4815,790.1337
44.4600,1.4822,790.4910
44.4800,1.4829,790.8369
44.5000,1.4835,791.1162
44.5200,1.4841,791.3919
44.5400,1.4848,791.6838
44.5600,1.4854,791.9761
44.5800,1.4858,792.2634
44.6000,1.4866,792.4939
44.6200,1.4871,792.7246
44.6400,1.4879,793.0132
44.6600,1.4887,793.3214
44.6800,1.4894,793.7022
44.7000,1.4901,794.0941
44.7200,1.4908,794.4377
44.7400,1.4915,794.7834
44.7600,1.4921,795.1180
44.7800,1.4928,795.4045
44.8000,1.4934,795.6641
44.8200,1.4939,795.9642
44.8400,1.4946,796.2145
44.8600,1.4952,796.4537
44.8800,1.4960,796.7479
44.9000,1.4967,797.1262
44.9200,1.4974,797.4987
44.9400,1.4980,797.8484
44.9600,1.4986,798.1033
44.9800,1.4991,798.3203
45.0000,1.4998,798.5602
45.0200,1.5006,798.8351
45.0400,1.5014,799.2074
45.0600,1.5021,799.6095
45.0800,1.5028,799.9990
45.1000,1.5034,800.3204
45.1200,1.5041,800.6147
45.1400,1.5050,800.9446
45.1600,1.5057,801.3091
45.1800,1.5063,801.6117
45.2000,1.5070,801.9221
45.2200,1.5076,802.2072
45.2400,1.5082,802.4544
45.2600,1.5087,802.7170
45.2800,1.5093,802.9839
45.3000,1.5100,803.2615
45.3200,1.5108,803.5065
45.3400,1.5115,803.8168
45.3600,1.5122,804.1778
45.3800,1.5129,804.5515
45.4000,1.5135,804.8848
45.4200,1.5141,805.1864
45.4400,1.5148,805.4774
45.4600,1.5154,805.7518
45.4800,1.5161,806.0389
45.5000,1.5167,806.3290
45.5200,1.5172,806.5649
45.5400,1.5180,806.8426
45.5600,1.5187,807.1464
45.5800,1.5194,807.4673
45.6000,1.5201,807.8294
45.6200,1.5207,808.1682
45.6400,1.5211,808.4414
45.6600,1.5219,808.6661
45.6800,1.5226,808.9365
45.7000,1.5234,809.2949
45.7200,1.5241,809.6868
45.7400,1.5248,810.0682
45.7600,1.5254,810.3983
45.7800,1.5261,810.6973
45.8000,1.5268,810.9970
45.8200,1.5275,811.2786
45.8400,1.5281,811.5734
45.8600,1.5288,811.8900
45.8800,1.5294,812.1866
45.9000,1.5300,812.4816
45.9200,1.5306,812.7388
45.9400,1.5313,812.9752
45.9600,1.5320,813.2645
45.9800,1.5327,813.5572
46.0000,1.5334,813.8646
46.0200,1.5341,814.2061
46.0400,1.5348,814.5489
46.0600,1.5354,814.8645
46.0800,1.5361,815.1775
46.1000,1.5368,815.4896
46.1200,1.5374,815.8046
46.1400,1.5381,816.1233
46.1600,1.5389,816.4526
46.1800,1.5393,816.7358
46.2000,1.5400,816.9795
46.2200,1.5407,817.2500
46.2400,1.5413,817.5652
46.2600,1.5420,817.8787
46.2800,1.5427,818.1945
46.3000,1.5432,818.4937
46.3200,1.5438,818.7397
46.3400,1.5445,818.9583
46.3600,1.5452,819.2373
46.3800,1.5461,819.5817
46.4000,1.5468,819.9514
46.4200,1.5475,820.3203
46.4400,1.5482,820.6509
46.4600,1.5489,820.9998
46.4800,1.5496,821.3109
46.5000,1.5502,821.6290
46.5200,1.5509,821.9547
46.5400,1.5515,822.2806
46.5600,1.5522,822.5753
46.5800,1.5529,822.8719
46.6000,1.5536,823.1570
46.6200,1.5542,823.4656
46.6400,1.5548,823.7496
46.6600,1.5554,823.9880
46.6800,1.5561,824.2543
46.7000,1.5568,824.5648
46.7200,1.5575,824.9128
46.7400,1.5582,825.2527
46.7600,1.5589,825.5883
46.7800,1.5595,825.9193
46.8000,1.5601,826.1889
46.8200,1.5608,826.4423
46.8400,1.5614,826.7327
46.8600,1.5620,826.9923
46.8800,1.5626,827.2556
46.9000,1.5633,827.5247
46.9200,1.5640,827.8216
46.9400,1.5647,828.1316
46.9600,1.5654,828.4613
46.9800,1.5660,828.7955
47.0000,1.5667,829.1015
47.0200,1.5674,829.3845
47.0400,1.5681,829.7012
47.0600,1.5688,830.0424
47.0800,1.5695,830.3842
47.1000,1.5701,830.7119
47.1200,1.5708,830.9829
47.1400,1.5716,831.3103
47.1600,1.5723,831.6130
47.1800,1.5729,831.8850
47.2000,1.5736,832.2025
47.2200,1.5742,832.5497
47.2400,1.5749,832.8204
47.2600,1.5755,833.0982
47.2800,1.5762,833.3533
47.3000,1.5767,833.6490
47.3200,1.5773,833.9451
47.3400,1.5779,834.2088
47.3600,1.5786,834.4654
47.3800,1.5793,834.7448
47.4000,1.5801,835.0610
47.4200,1.5808,835.4271
47.4400,1.5815,835.7725
47.4600,1.5822,836.1157
47.4800,1.5828,836.4291
47.5000,1.5834,836.6913
47.5200,1.5840,836.9320
47.5400,1.5845,837.1825
47.5600,1.5852,837.4464
47.5800,1.5860,837.7098
47.6000,1.5867,838.0128
47.6200,1.5874,838.3857
47.6400,1.5880,838.7470
47.6600,1.5886,839.0484
47.6800,1.5891,839.2773
47.7000,1.5897,839.4760
47.7200,1.5906,839.7407
47.7400,1.5913,840.0776
47.7600,1.5920,840.4576
47.7800,1.5927,840.8109
47.8000,1.5933,841.1111
47.8200,1.5940,841.3626
47.8400,1.5947,841.6272
47.8600,1.5953,841.9365
47.8800,1.5960,842.2628
47.9000,1.5967,842.5889
47.9200,1.5974,842.8954
47.9400,1.5980,843.2216
47.9600,1.5987,843.5230
47.9800,1.5993,843.8195
48.0000,1.5999,844.0673
48.0200,1.6006,844.3111
48.0400,1.6013,844.5834
48.0600,1.6020,844.9039
48.0800,1.6026,845.2405
48.1000,1.6033,845.5755
48.1200,1.6040,845.8878
48.1400,1.6046,846.1727
48.1600,1.6053,846.4441
48.1800,1.6059,846.7379
48.2000,1.6065,847.0388
48.2200,1.6072,847.3249
48.2400,1.6079,847.5991
48.2600,1.6086,847.9111
48.2800,1.6093,848.2524
48.3000,1.6100,848.5933
48.3200,1.6106,848.8978
48.3400,1.6112,849.1868
48.3600,1.6119,849.4470
48.3800,1.6126,849.7286
48.4000,1.6133,850.0392
48.4200,1.6142,850.3995
48.4400,1.6149,850.7656
48.4600,1.6155,851.0850
48.4800,1.6161,851.3469
48.5000,1.6168,851.6071
48.5200,1.6174,851.8701
48.5400,1.6180,852.1388
48.5600,1.6187,852.4197
48.5800,1.6194,852.6918
48.6000,1.6200,853.0013
48.6200,1.6207,853.3068
48.6400,1.6213,853.6129
48.6600,1.6220,853.9030
48.6800,1.6226,854.2047
48.7000,1.6234,854.4757
48.7200,1.6241,854.7806
48.7400,1.6248,855.1296
48.7600,1.6255,855.4684
48.7800,1.6262,855.7968
48.8000,1.6268,856.1261
48.8200,1.6275,856.4185
48.8400,1.6282,856.6993
48.8600,1.6288,857.0417
48.8800,1.6294,857.3366
48.9000,1.6301,857.5976
48.9200,1.6307,857.8453
48.9400,1.6314,858.1023
48.9600,1.6321,858.4108
48.9800,1.6328,858.7532
49.0000,1.6334,859.1077
49.0200,1.6341,859.4273
49.0400,1.6347,859.6949
49.0600,1.6354,859.9843
49.0800,1.6362,860.2838
49.1000,1.6368,860.6190
49.1200,1.6375,860.9359
49.1400,1.6381,861.2255
49.1600,1.6388,861.4937
49.1800,1.6396,861.7917
49.2000,1.6403,862.1068
49.2200,1.6409,862.4405
49.2400,1.6416,862.7420
49.2600,1.6423,863.0398
49.2800,1.6429,863.3326
49.3000,1.6436,863.6165
49.3200,1.6442,863.8914
49.3400,1.6447,864.1592
49.3600,1.6453,864.4149
49.3800,1.6459,864.6467
49.4000,1.6466,864.8885
49.4200,1.6473,865.1686
49.4400,1.6481,865.5040
49.4600,1.6488,865.8248
49.4800,1.6494,866.1207
49.5000,1.6499,866.3874
49.5200,1.6507,866.6711
49.5400,1.6512,866.9568
49.5600,1.6517,867.2170
49.5800,1.6524,867.4500
49.6000,1.6531,867.7181
49.6200,1.6540,868.0445
49.6400,1.6547,868.3965
49.6600,1.6554,868.7599
49.6800,1.6560,869.1019
49.7000,1.6566,869.3712
49.7200,1.6573,869.6065
49.7400,1.6581,869.9291
49.7600,1.6588,870.2819
49.7800,1.6595,870.6341
49.8000,1.6601,870.9456
49.8200,1.6608,871.2311
49.8400,1.6614,871.4946
49.8600,1.6621,871.7711
49.8800,1.6628,872.0544
49.9000,1.6634,872.3359
49.9200,1.6641,872.6315
49.9400,1.6648,872.9746
49.9600,1.6654,873.2929
49.9800,1.6661,873.5678
50.0000,1.6667,873.8306
50.0200,1.6673,874.0952
50.0400,1.6680,874.3316
50.0600,1.6686,874.5971
50.0800,1.6694,874.9124
50.1000,1.6701,875.2592
50.1200,1.6708,875.6082
50.1400,1.6715,875.9554
50.1600,1.6721,876.2690
50.1800,1.6728,876.5455
50.2000,1.6734,876.8284
50.2200,1.6740,877.0886
50.2400,1.6746,877.3315
50.2600,1.6752,877.5491
50.2800,1.6759,877.8057
50.3000,1.6766,878.1030
50.3200,1.6773,878.4187
50.3400,1.6780,878.7300
50.3600,1.6785,879.0257
50.3800,1.6792,879.3109
50.4000,1.6799,879.5906
50.4200,1.6808,879.9139
50.4400,1.6815,880.2919
50.4600,1.6822,880.7018
50.4800,1.6829,881.0336
50.5000,1.6836,881.3143
50.5200,1.6843,881.6171
50.5400,1.6849,881.9077
50.5600,1.6856,882.1660
50.5800,1.6862,882.4344
50.6000,1.6869,882.7349
50.6200,1.6875,883.0203
50.6400,1.6882,883.3074
50.6600,1.6888,883.5973
50.6800,1.6894,883.8746
50.7000,1.6900,884.0999
50.7200,1.6908,884.3377
50.7400,1.6915,884.6542
50.7600,1.6922,884.9958
50.7800,1.6929,885.3616
50.8000,1.6936,885.7047
50.8200,1.6942,885.9712
50.8400,1.6948,886.2546
50.8600,1.6955,886.5178
50.8800,1.6961,886.7759
50.9000,1.6967,887.0553
50.9200,1.6972,887.2797
50.9400,1.6979,887.5093
50.9600,1.6986,887.7746
50.9800,1.6993,888.0471
51.0000,1.7000,888.3478
51.0200,1.7007,888.6816
51.0400,1.7013,889.0045
51.0600,1.7020,889.2795
51.0800,1.7027,889.5867
51.1000,1.7035,889.9448
51.1200,1.7041,890.3268
51.1400,1.7048,890.6479
51.1600,1.7054,890.9304
51.1800,1.7061,891.1921
51.2000,1.7068,891.4776
51.2200,1.7074,891.7667
51.2400,1.7081,892.0677
51.2600,1.7089,892.3941
51.2800,1.7094,892.7005
51.3000,1.7102,892.9778
51.3200,1.7107,893.2415
51.3400,1.7113,893.4725
51.3600,1.7119,893.7086
51.3800,1.7126,893.9758
51.4000,1.7133,894.2656
51.4200,1.7140,894.5798
51.4400,1.7148,894.8856
51.4600,1.7153,895.2010
51.4800,1.7161,895.5059
51.5000,1.7166,895.7526
51.5200,1.7172,895.9952
51.5400,1.7178,896.2507
51.5600,1.7185,896.5484
51.5800,1.7191,896.8517
51.6000,1.7198,897.1179
51.6200,1.7204,897.3564
51.6400,1.7211,897.6010
51.6600,1.7218,897.8970
51.6800,1.7225,898.2375
51.7000,1.7231,898.6008
51.7200,1.7238,898.8807
51.7400,1.7244,899.1160
51.7600,1.7251,899.3707
51.7800,1.7259,899.6735
51.8000,1.7266,900.0015
51.8200,1.7274,900.3459
51.8400,1.7281,900.7070
51.8600,1.7289,901.1122
51.8800,1.7296,901.4872
51.9000,1.7303,901.8178
51.9200,1.7309,902.1176
51.9400,1.7315,902.3794
51.9600,1.7322,902.6600
51.9800,1.7328,902.8876
52.0000,1.7334,903.0951
52.0200,1.7340,903.3139
52.0400,1.7346,903.5650
52.0600,1.7353,903.8266
52.0800,1.7360,904.1107
52.1000,1.7367,904.4206
52.1200,1.7374,904.7394
52.1400,1.7381,905.0742
52.1600,1.7387,905.3936
52.1800,1.7394,905.6959
52.2000,1.7400,905.9641
52.2200,1.7407,906.2465
52.2400,1.7413,906.5068
52.2600,1.7419,906.7892
52.2800,1.7425,907.0345
52.3000,1.7432,907.2518
52.3200,1.7439,907.5060
52.3400,1.7446,907.7880
52.3600,1.7453,908.1292
52.3800,1.7459,908.4698
52.4000,1.7466,908.7706
52.4200,1.7473,909.0389
52.4400,1.7482,909.3481
52.4600,1.7489,909.7018
52.4800,1.7496,910.0588
52.5000,1.7502,910.3898
52.5200,1.7509,910.7020
52.5400,1.7516,910.9730
52.5600,1.7522,911.2411
52.5800,1.7529,911.5516
52.6000,1.7535,911.8210
52.6200,1.7542,912.0988
52.6400,1.7549,912.3830
52.6600,1.7555,912.6366
52.6800,1.7562,912.8948
52.7000,1.7568,913.1500
52.7200,1.7575,913.4331
52.7400,1.7582,913.7426
52.7600,1.7589,914.0593
52.7800,1.7596,914.4096
52.8000,1.7603,914.7487
52.8200,1.7610,915.0678
52.8400,1.7616,915.3596
52.8600,1.7622,915.6044
52.8800,1.7628,915.8119
52.9000,1.7635,916.0413
52.9200,1.7640,916.2887
52.9400,1.7646,916.5419
52.9600,1.7652,916.7708
52.9800,1.7658,917.0007
53.0000,1.7665,917.2369
53.0200,1.7672,917.5175
53.0400,1.7680,917.8607
53.0600,1.7686,918.1903
53.0800,1.7692,918.4623
53.1000,1.7700,918.7405
53.1200,1.7707,919.0858
53.1400,1.7714,919.4496
53.1600,1.7721,919.7627
53.1800,1.7727,920.0566
53.2000,1.7735,920.3619
53.2200,1.7741,920.6759
53.2400,1.7747,920.9782
53.2600,1.7754,921.2527
53.2800,1.7761,921.5140
53.3000,1.7767,921.7724
53.3200,1.7774,922.0761
53.3400,1.7780,922.3859
53.3600,1.7789,922.6511
53.3800,1.7795,922.9647
53.4000,1.7802,923.2489
53.4200,1.7809,923.5280
53.4400,1.7815,923.8441
53.4600,1.7822,924.1308
53.4800,1.7829,924.4155
53.5000,1.7835,924.6855
53.5200,1.7842,924.9843
53.5400,1.7848,925.2620
53.5600,1.7854,925.5242
53.5800,1.7861,925.7729
53.6000,1.7867,926.0292
53.6200,1.7872,926.2612
53.6400,1.7880,926.5062
53.6600,1.7887,926.8140
53.6800,1.7894,927.1203
53.7000,1.7900,927.4080
53.7200,1.7905,927.6985
53.7400,1.7911,927.9794
53.7600,1.7918,928.2184
53.7800,1.7927,928.4761
53.8000,1.7935,928.8085
53.8200,1.7943,929.2026
53.8400,1.7950,929.5645
53.8600,1.7956,929.9183
53.8800,1.7962,930.2217
53.9000,1.7969,930.4742
53.9200,1.7975,930.7252
53.9400,1.7981,930.9938
53.9600,1.7988,931.2740
53.9800,1.7995,931.5529
54.0000,1.8001,931.8105
54.0200,1.8008,932.0864
54.0400,1.8014,932.3712
54.0600,1.8021,932.6224
54.0800,1.8027,932.8959
54.1000,1.8035,933.2001
54.1200,1.8042,933.5046
54.1400,1.8050,933.8483
54.1600,1.8057,934.1826
54.1800,1.8062,934.4868
54.2000,1.8068,934.7719
54.2200,1.8074,935.0166
54.2400,1.8080,935.2317
54.2600,1.8086,935.4500
54.2800,1.8091,935.6561
54.3000,1.8098,935.8302
54.3200,1.8105,936.0524
54.3400,1.8112,936.3711
54.3600,1.8119,936.7312
54.3800,1.8126,937.0480
54.4000,1.8133,937.3962
54.4200,1.8139,937.7019
54.4400,1.8146,937.9401
54.4600,1.8153,938.1663
54.4800,1.8160,938.4781
54.5000,1.8168,938.8480
54.5200,1.8175,939.1916
54.5400,1.8182,939.4921
54.5600,1.8189,939.7638
54.5800,1.8195,940.0228
54.6000,1.8202,940.2999
54.6200,1.8209,940.5932
54.6400,1.8215,940.9031
54.6600,1.8222,941.1837
54.6800,1.8228,941.4600
54.7000,1.8234,941.7172
54.7200,1.8240,941.9418
54.7400,1.8247,942.1735
54.7600,1.8253,942.4406
54.7800,1.8261,942.7200
54.8000,1.8268,943.0309
54.8200,1.8274,943.3482
54.8400,1.8281,943.6571
54.8600,1.8287,943.9479
54.8800,1.8294,944.2094
54.9000,1.8300,944.4506
54.9200,1.8307,944.7189
54.9400,1.8313,945.0041
54.9600,1.8319,945.2415
54.9800,1.8325,945.4808
55.0000,1.8333,945.7164
55.0200,1.8339,946.0153
55.0400,1.8346,946.3247
55.0600,1.8353,946.6115
55.0800,1.8359,946.9099
55.1000,1.8366,947.2081
55.1200,1.8373,947.5178
55.1400,1.8380,947.8085
55.1600,1.8387,948.1403
55.1800,1.8394,948.4495
55.2000,1.8400,948.7311
55.2200,1.8407,948.9799
55.2400,1.8413,949.2586
55.2600,1.8420,949.5500
55.2800,1.8426,949.8292
55.3000,1.8433,950.1006
55.3200,1.8440,950.3771
55.3400,1.8446,950.6652
55.3600,1.8453,950.9534
55.3800,1.8459,951.2144
55.4000,1.8465,951.4621
55.4200,1.8471,951.7007
55.4400,1.8479,951.9442
55.4600,1.8487,952.2943
55.4800,1.8495,952.6724
55.5000,1.8502,953.0259
55.5200,1.8509,953.3529
55.5400,1.8515,953.6470
55.5600,1.8521,953.9018
55.5800,1.8528,954.1340
55.6000,1.8534,954.3582
55.6200,1.8538,954.5980
55.6400,1.8544,954.8040
55.6600,1.8551,955.0031
55.6800,1.8558,955.2734
55.7000,1.8565,955.6027
55.7200,1.8572,955.9210
55.7400,1.8581,956.2294
55.7600,1.8585,956.5295
55.7800,1.8593,956.8077
55.8000,1.8600,957.0269
55.8200,1.8607,957.3149
55.8400,1.8615,957.6621
55.8600,1.8622,957.9999
55.8800,1.8628,958.3134
55.9000,1.8635,958.6050
55.9200,1.8641,958.8696
55.9400,1.8648,959.1213
55.9600,1.8655,959.4103
55.9800,1.8662,959.7030
56.0000,1.8668,960.0170
56.0200,1.8675,960.3102
56.0400,1.8681,960.5580
56.0600,1.8688,960.8428
56.0800,1.8694,961.1207
56.1000,1.8702,961.4012
56.1200,1.8711,961.7416
56.1400,1.8717,962.1099
56.1600,1.8722,962.4183
56.1800,1.8728,962.6651
56.2000,1.8734,962.8600
56.2200,1.8741,963.0768
56.2400,1.8747,963.3134
56.2600,1.8754,963.5725
56.2800,1.8760,963.8602
56.3000,1.8766,964.1097
56.3200,1.8772,964.3322
56.3400,1.8779,964.5682
56.3600,1.8786,964.8411
56.3800,1.8793,965.1859
56.4000,1.8802,965.5194
56.4200,1.8807,965.8415
56.4400,1.8813,966.1158
56.4600,1.8819,966.3282
56.4800,1.8827,966.5853
56.5000,1.8835,966.9161
56.5200,1.8842,967.2449
56.5400,1.8849,967.5847
56.5600,1.8855,967.8796
56.5800,1.8861,968.1115
56.6000,1.8868,968.3589
56.6200,1.8875,968.6137
56.6400,1.8882,968.8851
56.6600,1.8889,969.1806
56.6800,1.8895,969.4972
56.7000,1.8902,969.7957
56.7200,1.8909,970.0681
56.7400,1.8915,970.3414
56.7600,1.8921,970.5781
56.7800,1.8927,970.7939
56.8000,1.8935,971.0432
56.8200,1.8942,971.3447
56.8400,1.8949,971.6837
56.8600,1.8956,971.9905
56.8800,1.8962,972.2866
56.9000,1.8968,972.5249
56.9200,1.8974,972.7469
56.9400,1.8980,973.0088
56.9600,1.8986,973.2441
56.9800,1.8990,973.4327
57.0000,1.8996,973.6136
57.0200,1.9003,973.7971
57.0400,1.9012,974.0776
57.0600,1.9019,974.4336
57.0800,1.9026,974.7822
57.1000,1.9033,975.1068
57.1200,1.9039,975.3786
57.1400,1.9046,975.6435
57.1600,1.9054,975.9288
57.1800,1.9062,976.2585
57.2000,1.9070,976.6152
57.2200,1.9075,976.9410
57.2400,1.9082,977.2028
57.2600,1.9090,977.4926
57.2800,1.9095,977.7755
57.3000,1.9101,978.0381
57.3200,1.9108,978.2910
57.3400,1.9116,978.5330
57.3600,1.9121,978.8004
57.3800,1.9127,979.0729
57.4000,1.9134,979.3474
57.4200,1.9142,979.6118
57.4400,1.9149,979.8695
57.4600,1.9156,980.1834
57.4800,1.9162,980.4778
57.5000,1.9169,980.7650
57.5200,1.9176,981.0435
57.5400,1.9182,981.3158
57.5600,1.9189,981.6069
57.5800,1.9195,981.8704
57.6000,1.9202,982.1130
57.6200,1.9208,982.3649
57.6400,1.9214,982.6140
57.6600,1.9218,982.8460
57.6800,1.9225,983.0283
57.7000,1.9232,983.2538
57.7200,1.9240,983.5653
57.7400,1.9247,983.9117
57.7600,1.9254,984.2126
57.7800,1.9258,984.5062
57.8000,1.9265,984.6962
57.8200,1.9273,984.9154
57.8400,1.9281,985.2593
57.8600,1.9288,985.6175
57.8800,1.9295,985.9298
57.9000,1.9302,986.2252
57.9200,1.9308,986.5157
57.9400,1.9315,986.7944
57.9600,1.9322,987.1282
57.9800,1.9329,987.4363
58.0000,1.9335,987.6834
58.0200,1.9342,987.9335
58.0400,1.9348,988.2269
58.0600,1.9354,988.4891
58.0800,1.9361,988.7404
58.1000,1.9367,988.9911
58.1200,1.9374,989.2131
58.1400,1.9381,989.4539
58.1600,1.9388,989.7486
58.1800,1.9395,990.0605
58.2000,1.9402,990.3751
58.2200,1.9408,990.6812
58.2400,1.9415,990.9555
58.2600,1.9421,991.1823
58.2800,1.9427,991.4196
58.3000,1.9433,991.6710
58.3200,1.9438,991.8906
58.3400,1.9445,992.0535
58.3600,1.9452,992.2383
58.3800,1.9459,992.5302
58.4000,1.9467,992.8743
58.4200,1.9474,993.2326
58.4400,1.9480,993.6074
58.4600,1.9485,993.8398
58.4800,1.9492,994.0355
58.5000,1.9499,994.2678
58.5200,1.9506,994.5659
58.5400,1.9515,994.8773
58.5600,1.9522,995.1961
58.5800,1.9529,995.5049
58.6000,1.9535,995.8050
58.6200,1.9542,996.1085
58.6400,1.9548,996.3615
58.6600,1.9554,996.5856
58.6800,1.9561,996.8077
58.7000,1.9567,997.0679
58.7200,1.9574,997.3235
58.7400,1.9580,997.5833
58.7600,1.9587,997.8340
58.7800,1.9591,998.0948
58.8000,1.9598,998.2792
58.8200,1.9605,998.5203
58.8400,1.9613,998.8052
58.8600,1.9621,999.1179
58.8800,1.9628,999.4619
58.9000,1.9634,999.8003
58.9200,1.9641,1000.1017
58.9400,1.9647,1000.4052
58.9600,1.9653,1000.6826
58.9800,1.9659,1000.9356
59.0000,1.9665,1001.1716
59.0200,1.9672,1001.3506
59.0400,1.9679,1001.5603
59.0600,1.9687,1001.8120
59.0800,1.9694,1002.1849
59.1000,1.9701,1002.5405
59.1200,1.9706,1002.8377
59.1400,1.9711,1003.0339
59.1600,1.9718,1003.1656
59.1800,1.9725,1003.4305
59.2000,1.9734,1003.7623
59.2200,1.9742,1004.1019
59.2400,1.9750,1004.4825
59.2600,1.9755,1004.8552
59.2800,1.9762,1005.1501
59.3000,1.9768,1005.4384
59.3200,1.9775,1005.6824
59.3400,1.9781,1005.9094
59.3600,1.9788,1006.1022
59.3800,1.9794,1006.3426
59.4000,1.9801,1006.6169
59.4200,1.9807,1006.8812
59.4400,1.9814,1007.1364
59.4600,1.9819,1007.3713
59.4800,1.9826,1007.5793
59.5000,1.9833,1007.8348
59.5200,1.9840,1008.1452
59.5400,1.9847,1008.4631
59.5600,1.9855,1008.7922
59.5800,1.9862,1009.0884
59.6000,1.9868,1009.3527
59.6200,1.9875,1009.5864
59.6400,1.9882,1009.8442
59.6600,1.9886,1010.0946
59.6800,1.9892,1010.3057
59.7000,1.9899,1010.5382
59.7200,1.9907,1010.7931
59.7400,1.9914,1011.1194
59.7600,1.9921,1011.4332
59.7800,1.9928,1011.7281
59.8000,1.9932,1011.9792
59.8200,1.9940,1012.1976
59.8400,1.9947,1012.4196
59.8600,1.9954,1012.7298
59.8800,1.9962,1013.0292
59.9000,1.9969,1013.3844
59.9200,1.9976,1013.7559
59.9400,1.9982,1014.0778
59.9600,1.9989,1014.3289
59.9800,1.9995,1014.5269
60.0000,2.0001,1014.7072
60.0200,2.0008,1014.9473
60.0400,2.0014,1015.2070
60.0600,2.0021,1015.4650
60.0800,2.0027,1015.7256
60.1000,2.0034,1015.9988
60.1200,2.0041,1016.2917
60.1400,2.0047,1016.5702
60.1600,2.0055,1016.8456
60.1800,2.0062,1017.1608
60.2000,2.0069,1017.4861
60.2200,2.0075,1017.7829
60.2400,2.0082,1018.0608
60.2600,2.0088,1018.3069
60.2800,2.0094,1018.5214
60.3000,2.0101,1018.7462
60.3200,2.0108,1018.9918
60.3400,2.0114,1019.2573
60.3600,2.0120,1019.4879
60.3800,2.0127,1019.6791
60.4000,2.0133,1019.9159
60.4200,2.0141,1020.2404
60.4400,2.0149,1020.5874
60.4600,2.0153,1020.8671
60.4800,2.0159,1021.0664
60.5000,2.0165,1021.2512
60.5200,2.0173,1021.4698
60.5400,2.0180,1021.7940
60.5600,2.0189,1022.1588
60.5800,2.0196,1022.5062
60.6000,2.0203,1022.8766
60.6200,2.0210,1023.2067
60.6400,2.0216,1023.4616
60.6600,2.0222,1023.6956
60.6800,2.0229,1023.9170
60.7000,2.0235,1024.1324
60.7200,2.0242,1024.3627
60.7400,2.0249,1024.6650
60.7600,2.0255,1024.9657
60.7800,2.0262,1025.2369
60.8000,2.0267,1025.4636
60.8200,2.0272,1025.6975
60.8400,2.0280,1025.9076
60.8600,2.0287,1026.1514
60.8800,2.0294,1026.4153
60.9000,2.0301,1026.6914
60.9200,2.0308,1027.0114
60.9400,2.0314,1027.3175
60.9600,2.0321,1027.5790
60.9800,2.0327,1027.8296
61.0000,2.0334,1028.0759
61.0200,2.0339,1028.3085
61.0400,2.0345,1028.4728
61.0600,2.0352,1028.6852
61.0800,2.0359,1028.9087
61.1000,2.0366,1029.1853
61.1200,2.0374,1029.5272
61.1400,2.0381,1029.9032
61.1600,2.0387,1030.2179
61.1800,2.0394,1030.4867
61.2000,2.0401,1030.7483
61.2200,2.0409,1031.0806
61.2400,2.0415,1031.3964
61.2600,2.0421,1031.6736
61.2800,2.0428,1031.8932
61.3000,2.0435,1032.0884
61.3200,2.0441,1032.3313
61.3400,2.0448,1032.5743
61.3600,2.0455,1032.8508
61.3800,2.0461,1033.1678
61.4000,2.0468,1033.4645
61.4200,2.0474,1033.7252
61.4400,2.0481,1033.9714
61.4600,2.0487,1034.2098
61.4800,2.0493,1034.4404
61.5000,2.0500,1034.6653
61.5200,2.0506,1034.9221
61.5400,2.0513,1035.1885
61.5600,2.0520,1035.4609
61.5800,2.0527,1035.7356
61.6000,2.0535,1036.0162
61.6200,2.0540,1036.3103
61.6400,2.0546,1036.5530
61.6600,2.0553,1036.7722
61.6800,2.0559,1036.9930
61.7000,2.0564,1037.2096
61.7200,2.0570,1037.4023
61.7400,2.0577,1037.6528
61.7600,2.0585,1037.9236
61.7800,2.0594,1038.2581
61.8000,2.0602,1038.6267
61.8200,2.0607,1038.9697
61.8400,2.0614,1039.2251
61.8600,2.0621,1039.4519
61.8800,2.0628,1039.7200
61.9000,2.0636,1040.0273
61.9200,2.0642,1040.3516
61.9400,2.0649,1040.6465
61.9600,2.0655,1040.8917
61.9800,2.0662,1041.0702
62.0000,2.0668,1041.2677
62.0200,2.0675,1041.4941
62.0400,2.0681,1041.7423
62.0600,2.0688,1042.0115
62.0800,2.0695,1042.2805
62.1000,2.0701,1042.5663
62.1200,2.0708,1042.8398
62.1400,2.0714,1043.0546
62.1600,2.0720,1043.2987
62.1800,2.0726,1043.5278
62.2000,2.0733,1043.7380
62.2200,2.0740,1044.0034
62.2400,2.0747,1044.2960
62.2600,2.0754,1044.5953
62.2800,2.0760,1044.8948
62.3000,2.0767,1045.1704
62.3200,2.0774,1045.4213
62.3400,2.0781,1045.6978
62.3600,2.0787,1045.9802
62.3800,2.0793,1046.2555
62.4000,2.0799,1046.4905
62.4200,2.0806,1046.7356
62.4400,2.0813,1047.0056
62.4600,2.0820,1047.2452
62.4800,2.0827,1047.4819
62.5000,2.0833,1047.7295
62.5200,2.0839,1047.9556
62.5400,2.0845,1048.1838
62.5600,2.0852,1048.4447
62.5800,2.0860,1048.7367
62.6000,2.0869,1049.0577
62.6200,2.0875,1049.3782
62.6400,2.0880,1049.6713
62.6600,2.0886,1049.8920
62.6800,2.0893,1050.0997
62.7000,2.0899,1050.3250
62.7200,2.0905,1050.5566
62.7400,2.0912,1050.7726
62.7600,2.0919,1051.0259
62.7800,2.0927,1051.3113
62.8000,2.0932,1051.5927
62.8200,2.0940,1051.8472
62.8400,2.0945,1052.0762
62.8600,2.0952,1052.3138
62.8800,2.0960,1052.5731
62.9000,2.0967,1052.8994
62.9200,2.0974,1053.2352
62.9400,2.0981,1053.4982
62.9600,2.0987,1053.7560
62.9800,2.0994,1054.0391
63.0000,2.1000,1054.2965
63.0200,2.1007,1054.5347
63.0400,2.1013,1054.7795
63.0600,2.1019,1055.0134
63.0800,2.1026,1055.2253
63.1000,2.1033,1055.4604
63.1200,2.1040,1055.7361
63.1400,2.1047,1056.0518
63.1600,2.1054,1056.3837
63.1800,2.1060,1056.6545
63.2000,2.1067,1056.9060
63.2200,2.1073,1057.1230
63.2400,2.1080,1057.3629
63.2600,2.1088,1057.6528
63.2800,2.1095,1057.9469
63.3000,2.1101,1058.2570
63.3200,2.1108,1058.5374
63.3400,2.1114,1058.8032
63.3600,2.1121,1059.0503
63.3800,2.1128,1059.2919
63.4000,2.1134,1059.5542
63.4200,2.1143,1059.8154
63.4400,2.1150,1060.1090
63.4600,2.1156,1060.3918
63.4800,2.1161,1060.6484
63.5000,2.1169,1060.8984
63.5200,2.1174,1061.1400
63.5400,2.1180,1061.3627
63.5600,2.1187,1061.6042
63.5800,2.1195,1061.8906
63.6000,2.1202,1062.1923
63.6200,2.1209,1062.5000
63.6400,2.1215,1062.7316
63.6600,2.1222,1062.9421
63.6800,2.1228,1063.1768
63.7000,2.1233,1063.4011
63.7200,2.1239,1063.6394
63.7400,2.1245,1063.8254
63.7600,2.1252,1064.0181
63.7800,2.1259,1064.3091
63.8000,2.1268,1064.6228
63.8200,2.1275,1064.9940
63.8400,2.1282,1065.3158
63.8600,2.1288,1065.5538
63.8800,2.1295,1065.7716
63.9000,2.1303,1066.0535
63.9200,2.1310,1066.3695
63.9400,2.1317,1066.7218
63.9600,2.1324,1067.0396
63.9800,2.1329,1067.3119
64.0000,2.1335,1067.5104
64.0200,2.1341,1067.6388
64.0400,2.1347,1067.7913
64.0600,2.1353,1067.9844
64.0800,2.1359,1068.2113
64.1000,2.1366,1068.4625
64.1200,2.1373,1068.7632
64.1400,2.1380,1069.0686
64.1600,2.1387,1069.3364
64.1800,2.1393,1069.5927
64.2000,2.1400,1069.8162
64.2200,2.1407,1070.0579
64.2400,2.1414,1070.3250
64.2600,2.1421,1070.6428
64.2800,2.1429,1070.9677
64.3000,2.1435,1071.2893
64.3200,2.1442,1071.5625
64.3400,2.1448,1071.7950
64.3600,2.1455,1072.0326
64.3800,2.1461,1072.2927
64.4000,2.1467,1072.5077
64.4200,2.1473,1072.6857
64.4400,2.1480,1072.8514
64.4600,2.1486,1073.0844
64.4800,2.1493,1073.3590
64.5000,2.1499,1073.6443
64.5200,2.1505,1073.8865
64.5400,2.1512,1074.1018
64.5600,2.1518,1074.3218
64.5800,2.1526,1074.5890
64.6000,2.1535,1074.9023
64.6200,2.1543,1075.2729
64.6400,2.1550,1075.6299
64.6600,2.1556,1075.9036
64.6800,2.1562,1076.1543
64.7000,2.1568,1076.4077
64.7200,2.1573,1076.6124
64.7400,2.1581,1076.8245
64.7600,2.1588,1077.0685
64.7800,2.1594,1077.3450
64.8000,2.1601,1077.5995
64.8200,2.1607,1077.8236
64.8400,2.1615,1078.0485
64.8600,2.1621,1078.3301
64.8800,2.1627,1078.5857
64.9000,2.1634,1078.8273
64.9200,2.1641,1079.0568
64.9400,2.1648,1079.3085
64.9600,2.1655,1079.6095
64.9800,2.1661,1079.9196
65.0000,2.1668,1080.1619
65.0200,2.1674,1080.3839
65.0400,2.1681,1080.6472
65.0600,2.1687,1080.9126
65.0800,2.1692,1081.0986
65.1000,2.1697,1081.2468
65.1200,2.1705,1081.4235
65.1400,2.1713,1081.7079
65.1600,2.1720,1082.0005
65.1800,2.1727,1082.3387
65.2000,2.1733,1082.6410
65.2200,2.1740,1082.9017
65.2400,2.1747,1083.1295
65.2600,2.1755,1083.4099
65.2800,2.1761,1083.7297
65.3000,2.1768,1084.0768
65.3200,2.1774,1084.3815
65.3400,2.1780,1084.6239
65.3600,2.1787,1084.8358
65.3800,2.1794,1085.0178
65.4000,2.1800,1085.2360
65.4200,2.1807,1085.5065
65.4400,2.1814,1085.7551
65.4600,2.1820,1085.9918
65.4800,2.1826,1086.2433
65.5000,2.1833,1086.5308
65.5200,2.1839,1086.7745
65.5400,2.1846,1086.9895
65.5600,2.1853,1087.2290
65.5800,2.1860,1087.5311
65.6000,2.1867,1087.8248
65.6200,2.1873,1088.0865
65.6400,2.1880,1088.3445
65.6600,2.1887,1088.5839
65.6800,2.1893,1088.8351
65.7000,2.1899,1089.0765
65.7200,2.1906,1089.2897
65.7400,2.1912,1089.5348
65.7600,2.1919,1089.7640
65.7800,2.1925,1090.0128
65.8000,2.1932,1090.2463
65.8200,2.1939,1090.4965
65.8400,2.1947,1090.7864
65.8600,2.1952,1091.0618
65.8800,2.1957,1091.2941
65.9000,2.1964,1091.4741
65.9200,2.1971,1091.7025
65.9400,2.1978,1091.9661
65.9600,2.1985,1092.2349
65.9800,2.1994,1092.5564
66.0000,2.2001,1092.8751
66.0200,2.2009,1093.1963
66.0400,2.2016,1093.5103
66.0600,2.2023,1093.8046
66.0800,2.2029,1094.0914
66.1000,2.2036,1094.3535
66.1200,2.2042,1094.5846
66.1400,2.2048,1094.8231
66.1600,2.2054,1095.0227
66.1800,2.2061,1095.2245
66.2000,2.2067,1095.4141
66.2200,2.2074,1095.6603
66.2400,2.2081,1095.9042
66.2600,2.2087,1096.1520
66.2800,2.2093,1096.3837
66.3000,2.2100,1096.6088
66.3200,2.2107,1096.8639
66.3400,2.2114,1097.1243
66.3600,2.2120,1097.3704
66.3800,2.2127,1097.6355
66.4000,2.2133,1097.8823
66.4200,2.2138,1098.0928
66.4400,2.2145,1098.2793
66.4600,2.2151,1098.4639
66.4800,2.2159,1098.7019
66.5000,2.2166,1098.9741
66.5200,2.2173,1099.2863
66.5400,2.2179,1099.6001
66.5600,2.2185,1099.8851
66.5800,2.2192,1100.1118
66.6000,2.2199,1100.3027
66.6200,2.2207,1100.5492
66.6400,2.2216,1100.8820
66.6600,2.2222,1101.2080
66.6800,2.2229,1101.5098
66.7000,2.2235,1101.7500
66.7200,2.2242,1101.9745
66.7400,2.2248,1102.2107
66.7600,2.2255,1102.4382
66.7800,2.2262,1102.6938
66.8000,2.2269,1102.9652
66.8200,2.2275,1103.2227
66.8400,2.2282,1103.4700
66.8600,2.2288,1103.7240
66.8800,2.2294,1103.9233
66.9000,2.2301,1104.1412
66.9200,2.2308,1104.3756
66.9400,2.2315,1104.6582
66.9600,2.2322,1104.9631
66.9800,2.2328,1105.2362
67.0000,2.2335,1105.5005
67.0200,2.2342,1105.7821
67.0400,2.2348,1106.0436
67.0600,2.2354,1106.2991
67.0800,2.2361,1106.5364
67.1000,2.2366,1106.7590
67.1200,2.2372,1106.9521
67.1400,2.2379,1107.1536
67.1600,2.2385,1107.3594
67.1800,2.2392,1107.6086
67.2000,2.2400,1107.8784
67.2200,2.2406,1108.1919
67.2400,2.2413,1108.4458
67.2600,2.2420,1108.6301
67.2800,2.2427,1108.8600
67.3000,2.2435,1109.1777
67.3200,2.2442,1109.4689
67.3400,2.2449,1109.7753
67.3600,2.2457,1110.0648
67.3800,2.2462,1110.3809
67.4000,2.2470,1110.6627
67.4200,2.2475,1110.9047
67.4400,2.2481,1111.1191
67.4600,2.2488,1111.3456
67.4800,2.2495,1111.5817
67.5000,2.2503,1111.8436
67.5200,2.2510,1112.1095
67.5400,2.2514,1112.3607
67.5600,2.2521,1112.5684
67.5800,2.2529,1112.7720
67.6000,2.2536,1113.0349
67.6200,2.2543,1113.3068
67.6400,2.2550,1113.5638
67.6600,2.2556,1113.8419
67.6800,2.2563,1114.1067
67.7000,2.2569,1114.3468
67.7200,2.2575,1114.5808
67.7400,2.2582,1114.8279
67.7600,2.2586,1115.0250
67.7800,2.2592,1115.1915
67.8000,2.2599,1115.3507
67.8200,2.2606,1115.6084
67.8400,2.2614,1115.8999
67.8600,2.2621,1116.1908
67.8800,2.2628,1116.4889
67.9000,2.2634,1116.7518
67.9200,2.2641,1116.9491
67.9400,2.2648,1117.2039
67.9600,2.2656,1117.4894
67.9800,2.2664,1117.8000
68.0000,2.2670,1118.1655
68.0200,2.2676,1118.4523
68.0400,2.2682,1118.6555
68.0600,2.2688,1118.8534
68.0800,2.2695,1119.0511
68.1000,2.2701,1119.2693
68.1200,2.2708,1119.5084
68.1400,2.2714,1119.7458
68.1600,2.2721,1119.9492
68.1800,2.2727,1120.1781
68.2000,2.2734,1120.3666
68.2200,2.2740,1120.5647
68.2400,2.2746,1120.7611
68.2600,2.2753,1120.9913
68.2800,2.2761,1121.3192
68.3000,2.2768,1121.6498
68.3200,2.2775,1121.9313
68.3400,2.2782,1122.1752
68.3600,2.2788,1122.4443
68.3800,2.2794,1122.6996
68.4000,2.2800,1122.9164
68.4200,2.2806,1123.1345
68.4400,2.2812,1123.3077
68.4600,2.2817,1123.4397
68.4800,2.2824,1123.5886
68.5000,2.2831,1123.8143
68.5200,2.2839,1124.1340
68.5400,2.2846,1124.4570
68.5600,2.2853,1124.7539
68.5800,2.2859,1125.0356
68.6000,2.2866,1125.2494
68.6200,2.2873,1125.4657
68.6400,2.2880,1125.7137
68.6600,2.2889,1126.0470
68.6800,2.2896,1126.3773
68.7000,2.2902,1126.6875
68.7200,2.2909,1126.9475
68.7400,2.2915,1127.1521
68.7600,2.2922,1127.3899
68.7800,2.2929,1127.6030
68.8000,2.2936,1127.8488
68.8200,2.2942,1128.1235
68.8400,2.2948,1128.4084
68.8600,2.2954,1128.6239
68.8800,2.2959,1128.8081
68.9000,2.2965,1128.9821
68.9200,2.2972,1129.1694
68.9400,2.2980,1129.3998
68.9600,2.2988,1129.6460
68.9800,2.2995,1129.9272
69.0000,2.3001,1130.2294
69.0200,2.3008,1130.5059
69.0400,2.3014,1130.7310
69.0600,2.3020,1130.9524
69.0800,2.3027,1131.1893
69.1000,2.3033,1131.4282
69.1200,2.3039,1131.6150
69.1400,2.3044,1131.7780
69.1600,2.3052,1131.9642
69.1800,2.3059,1132.2253
69.2000,2.3066,1132.5251
69.2200,2.3073,1132.8132
69.2400,2.3080,1133.0786
69.2600,2.3086,1133.3644
69.2800,2.3093,1133.6343
69.3000,2.3100,1133.8561
69.3200,2.3107,1134.0729
69.3400,2.3114,1134.3445
69.3600,2.3121,1134.6353
69.3800,2.3128,1134.8993
69.4000,2.3135,1135.1642
69.4200,2.3141,1135.4227
69.4400,2.3148,1135.6659
69.4600,2.3155,1135.9121
69.4800,2.3162,1136.1504
69.5000,2.3170,1136.4139
69.5200,2.3175,1136.6711
69.5400,2.3181,1136.9230
69.5600,2.3187,1137.1259
69.5800,2.3193,1137.3074
69.6000,2.3200,1137.4935
69.6200,2.3207,1137.7241
69.6400,2.3214,1137.9919
69.6600,2.3222,1138.2732
69.6800,2.3229,1138.5786
69.7000,2.3236,1138.8879
69.7200,2.3242,1139.1340
69.7400,2.3249,1139.3477
69.7600,2.3255,1139.6112
69.7800,2.3259,1139.8384
69.8000,2.3265,1139.9969
69.8200,2.3271,1140.1520
69.8400,2.3278,1140.3621
69.8600,2.3285,1140.5879
69.8800,2.3294,1140.8335
69.9000,2.3301,1141.1091
69.9200,2.3308,1141.4226
69.9400,2.3314,1141.7258
69.9600,2.3321,1141.9565
69.9800,2.3328,1142.2035
70.0000,2.3335,1142.4888
70.0200,2.3342,1142.7808
70.0400,2.3349,1143.0535
70.0600,2.3355,1143.3020
70.0800,2.3361,1143.5494
70.1000,2.3368,1143.7305
70.1200,2.3374,1143.8795
70.1400,2.3380,1144.0637
70.1600,2.3387,1144.3029
70.1800,2.3394,1144.5592
70.2000,2.3400,1144.7961
70.2200,2.3407,1145.0336
70.2400,2.3413,1145.2483
70.2600,2.3420,1145.4686
70.2800,2.3427,1145.7057
70.3000,2.3434,1145.9747
70.3200,2.3441,1146.2721
70.3400,2.3448,1146.5493
70.3600,2.3455,1146.8267
70.3800,2.3461,1147.0927
70.4000,2.3468,1147.3114
70.4200,2.3474,1147.5260
70.4400,2.3480,1147.7151
70.4600,2.3485,1147.9076
70.4800,2.3492,1148.0706
70.5000,2.3498,1148.2842
70.5200,2.3506,1148.5211
70.5400,2.3513,1148.8087
70.5600,2.3520,1149.1019
70.5800,2.3527,1149.3944
70.6000,2.3533,1149.6653
70.6200,2.3539,1149.8654
70.6400,2.3547,1150.0737
70.6600,2.3554,1150.3181
70.6800,2.3562,1150.6086
70.7000,2.3569,1150.9048
70.7200,2.3575,1151.1486
70.7400,2.3580,1151.3419
70.7600,2.3586,1151.5283
70.7800,2.3593,1151.7457
70.8000,2.3600,1151.9987
70.8200,2.3608,1152.2604
70.8400,2.3615,1152.5238
70.8600,2.3622,1152.8077
70.8800,2.3628,1153.0792
70.9000,2.3635,1153.3229
70.9200,2.3641,1153.5043
70.9400,2.3647,1153.6764
70.9600,2.3654,1153.8815
70.9800,2.3662,1154.1617
71.0000,2.3669,1154.4596
71.0200,2.3676,1154.7566
71.0400,2.3683,1155.0562
71.0600,2.3689,1155.2859
71.0800,2.3695,1155.4656
71.1000,2.3701,1155.6626
71.1200,2.3707,1155.8641
71.1400,2.3711,1156.0612
71.1600,2.3719,1156.1833
71.1800,2.3726,1156.3500
71.2000,2.3733,1156.6168
71.2200,2.3740,1156.9070
71.2400,2.3747,1157.1772
71.2600,2.3754,1157.4769
71.2800,2.3760,1157.7314
71.3000,2.3766,1157.9531
71.3200,2.3774,1158.1542
71.3400,2.3782,1158.4403
71.3600,2.3791,1158.7970
71.3800,2.3798,1159.1514
71.4000,2.3804,1159.4324
71.4200,2.3811,1159.6547
71.4400,2.3817,1159.8718
71.4600,2.3824,1160.0760
71.4800,2.3830,1160.3019
71.5000,2.3835,1160.5344
71.5200,2.3841,1160.7399
71.5400,2.3848,1160.9329
71.5600,2.3854,1161.1643
71.5800,2.3861,1161.3822
71.6000,2.3867,1161.6149
71.6200,2.3874,1161.8419
71.6400,2.3881,1162.0720
71.6600,2.3889,1162.3350
71.6800,2.3896,1162.6392
71.7000,2.3903,1162.9076
71.7200,2.3909,1163.1390
71.7400,2.3916,1163.3654
71.7600,2.3922,1163.5504
71.7800,2.3927,1163.7705
71.8000,2.3935,1164.0270
71.8200,2.3939,1164.2543
71.8400,2.3945,1164.4146
71.8600,2.3952,1164.5574
71.8800,2.3959,1164.7629
71.9000,2.3966,1165.0192
71.9200,2.3974,1165.2905
71.9400,2.3978,1165.5630
71.9600,2.3984,1165.7675
71.9800,2.3991,1165.9448
72.0000,2.4000,1166.1797
72.0200,2.4007,1166.4739
72.0400,2.4015,1166.8093
72.0600,2.4022,1167.1290
72.0800,2.4028,1167.3959
72.1000,2.4034,1167.6566
72.1200,2.4041,1167.8708
72.1400,2.4048,1168.0807
72.1600,2.4054,1168.3208
72.1800,2.4061,1168.5372
72.2000,2.4067,1168.7660
72.2200,2.4074,1169.0157
72.2400,2.4080,1169.2305
72.2600,2.4087,1169.4404
72.2800,2.4093,1169.6615
72.3000,2.4100,1169.8765
72.3200,2.4107,1170.0847
72.3400,2.4114,1170.3474
72.3600,2.4120,1170.6183
72.3800,2.4127,1170.8854
72.4000,2.4134,1171.1362
72.4200,2.4140,1171.3729
72.4400,2.4146,1171.5580
72.4600,2.4152,1171.7285
72.4800,2.4158,1171.9260
72.5000,2.4164,1172.1447
72.5200,2.4171,1172.3209
72.5400,2.4179,1172.5789
72.5600,2.4186,1172.8584
72.5800,2.4194,1173.1707
72.6000,2.4200,1173.4706
72.6200,2.4206,1173.7213
72.6400,2.4212,1173.8846
72.6600,2.4218,1174.0454
72.6800,2.4226,1174.2731
72.7000,2.4234,1174.5483
72.7200,2.4242,1174.8800
72.7400,2.4250,1175.2377
72.7600,2.4256,1175.5493
72.7800,2.4262,1175.7706
72.8000,2.4269,1175.9799
72.8200,2.4275,1176.1602
72.8400,2.4280,1176.3513
72.8600,2.4288,1176.5522
72.8800,2.4293,1176.7826
72.9000,2.4299,1176.9829
72.9200,2.4306,1177.1848
72.9400,2.4312,1177.4055
72.9600,2.4319,1177.6528
72.9800,2.4325,1177.8580
73.0000,2.4334,1178.0685
73.0200,2.4341,1178.3453
73.0400,2.4348,1178.6564
73.0600,2.4355,1178.9796
73.0800,2.4362,1179.2303
73.1000,2.4368,1179.4138
73.1200,2.4375,1179.6163
73.1400,2.4381,1179.8322
73.1600,2.4386,1180.0338
73.1800,2.4393,1180.1890
73.2000,2.4400,1180.3623
73.2200,2.4407,1180.5975
73.2400,2.4414,1180.8939
73.2600,2.4421,1181.1770
73.2800,2.4427,1181.4518
73.3000,2.4433,1181.6642
73.3200,2.4439,1181.8323
73.3400,2.4445,1182.0277
73.3600,2.4453,1182.2369
73.3800,2.4461,1182.5135
73.4000,2.4468,1182.8306
73.4200,2.4475,1183.1301
73.4400,2.4481,1183.3992
73.4600,2.4487,1183.6226
73.4800,2.4494,1183.8086
73.5000,2.4501,1184.0015
73.5200,2.4507,1184.2418
73.5400,2.4514,1184.4846
73.5600,2.4521,1184.7314
73.5800,2.4527,1184.9806
73.6000,2.4534,1185.2065
73.6200,2.4540,1185.4521
73.6400,2.4546,1185.6428
73.6600,2.4553,1185.7998
73.6800,2.4561,1186.0317
73.7000,2.4569,1186.3461
73.7200,2.4576,1186.6331
73.7400,2.4583,1186.9312
73.7600,2.4589,1187.1868
73.7800,2.4595,1187.3796
73.8000,2.4602,1187.6058
73.8200,2.4607,1187.8202
73.8400,2.4613,1188.0164
73.8600,2.4619,1188.1471
73.8800,2.4625,1188.3184
73.9000,2.4633,1188.5646
73.9200,2.4641,1188.8503
73.9400,2.4646,1189.1517
73.9600,2.4652,1189.3923
73.9800,2.4658,1189.5593
74.0000,2.4665,1189.7122
74.0200,2.4674,1189.9540
74.0400,2.4681,1190.2220
74.0600,2.4688,1190.5125
74.0800,2.4695,1190.8103
74.1000,2.4702,1191.0992
74.1200,2.4708,1191.3074
74.1400,2.4715,1191.5208
74.1600,2.4721,1191.7461
74.1800,2.4728,1191.9860
74.2000,2.4734,1192.1821
74.2200,2.4741,1192.3800
74.2400,2.4747,1192.5919
74.2600,2.4753,1192.8257
74.2800,2.4761,1193.0387
74.3000,2.4767,1193.2782
74.3200,2.4774,1193.4884
74.3400,2.4781,1193.6979
74.3600,2.4788,1193.9600
74.3800,2.4795,1194.2599
74.4000,2.4802,1194.5007
74.4200,2.4808,1194.7300
74.4400,2.4815,1194.9414
74.4600,2.4821,1195.1608
74.4800,2.4828,1195.4260
74.5000,2.4834,1195.6985
74.5200,2.4840,1195.9109
74.5400,2.4847,1196.0874
74.5600,2.4854,1196.3090
74.5800,2.4861,1196.5367
74.6000,2.4868,1196.7725
74.6200,2.4874,1197.0465
74.6400,2.4879,1197.2710
74.6600,2.4885,1197.4119
74.6800,2.4892,1197.5579
74.7000,2.4899,1197.7800
74.7200,2.4907,1198.0743
74.7400,2.4916,1198.3776
74.7600,2.4923,1198.7002
74.7800,2.4929,1198.9692
74.8000,2.4936,1199.2098
74.8200,2.4942,1199.4424
74.8400,2.4949,1199.6372
74.8600,2.4955,1199.8494
74.8800,2.4962,1200.0779
74.9000,2.4969,1200.3243
74.9200,2.4976,1200.5410
74.9400,2.4982,1200.7653
74.9600,2.4989,1201.0140
74.9800,2.4994,1201.2200
75.0000,2.5001,1201.3832
75.0200,2.5008,1201.5986
75.0400,2.5015,1201.8330
75.0600,2.5023,1202.0696
75.0800,2.5030,1202.3514
75.1000,2.5036,1202.6405
75.1200,2.5042,1202.8623
75.1400,2.5049,1203.0565
75.1600,2.5055,1203.2526
75.1800,2.5061,1203.4558
75.2000,2.5067,1203.6188
75.2200,2.5073,1203.7770
75.2400,2.5080,1203.9954
75.2600,2.5088,1204.2523
75.2800,2.5117,1075.1876
75.2920,2.5146,683.7969
